date,price
2010-01-04,22.942546844482422
2010-01-05,23.088674545288086
2010-01-06,23.217613220214844
2010-01-07,23.037097930908203
2010-01-08,23.105863571166992
2010-01-11,23.002716064453125
2010-01-12,22.581514358520508
2010-01-13,22.86518096923828
2010-01-14,22.650283813476562
2010-01-15,22.435382843017578
2010-01-19,22.581514358520508
2010-01-20,22.461172103881836
2010-01-21,22.478363037109375
2010-01-22,22.443981170654297
2010-01-25,22.28925323486328
2010-01-26,22.10873794555664
2010-01-27,21.80788230895996
2010-01-28,21.98839569091797
2010-01-29,21.74770736694336
2010-02-01,21.71332359313965
2010-02-02,22.048566818237305
2010-02-03,21.78209114074707
2010-02-04,21.635963439941406
2010-02-05,21.386680603027344
2010-02-08,21.678939819335938
2010-02-09,21.71332359313965
2010-02-10,21.89383888244629
2010-02-11,21.936819076538086
2010-02-12,21.84226417541504
2010-02-16,22.263463973999023
2010-02-17,21.919626235961914
2010-02-18,22.014183044433594
2010-02-19,22.14312171936035
2010-02-22,21.936819076538086
2010-02-23,21.60157585144043
2010-02-24,21.84226417541504
2010-02-25,21.653154373168945
2010-02-26,21.83366584777832
2010-03-01,21.56719398498535
2010-03-02,21.56719398498535
2010-03-03,21.584386825561523
2010-03-04,21.446853637695312
2010-03-05,21.472637176513672
2010-03-08,21.403873443603516
2010-03-09,21.154590606689453
2010-03-10,21.077226638793945
2010-03-11,21.00845718383789
2010-03-12,21.128801345825195
2010-03-15,21.017057418823242
2010-03-16,21.06863021850586
2010-03-17,21.249143600463867
2010-03-18,21.412466049194336
2010-03-19,21.309316635131836
2010-03-22,21.231950759887695
2010-03-23,20.95688247680664
2010-03-24,20.95688247680664
2010-03-25,20.716196060180664
2010-03-26,20.664621353149414
2010-03-29,21.017057418823242
2010-03-30,21.154590606689453
2010-03-31,20.819345474243164
2010-04-01,20.9826717376709
2010-04-05,21.06863021850586
2010-04-06,21.02564811706543
2010-04-07,21.094419479370117
2010-04-08,20.931095123291016
2010-04-09,20.9396915435791
2010-04-12,21.03424644470215
2010-04-13,21.094419479370117
2010-04-14,21.145994186401367
2010-04-15,21.26633644104004
2010-04-16,21.128801345825195
2010-04-19,21.12020492553711
2010-04-20,21.257740020751953
2010-04-21,21.42966079711914
2010-04-22,21.50702476501465
2010-04-23,21.274932861328125
2010-04-26,21.257740020751953
2010-04-27,20.95688247680664
2010-04-28,21.0428409576416
2010-04-29,21.231950759887695
2010-04-30,21.403873443603516
2010-05-03,21.378084182739258
2010-05-04,21.28352928161621
2010-05-05,21.223358154296875
2010-05-06,20.78496551513672
2010-05-07,20.716196060180664
2010-05-10,20.92249870300293
2010-05-11,20.81075096130371
2010-05-12,20.92249870300293
2010-05-13,20.75917625427246
2010-05-14,20.415340423583984
2010-05-17,20.157461166381836
2010-05-18,20.320783615112305
2010-05-19,20.432533264160156
2010-05-20,20.234825134277344
2010-05-21,20.492704391479492
2010-05-24,20.423934936523438
2010-05-25,20.337974548339844
2010-05-26,20.39814567565918
2010-05-27,20.62164306640625
2010-05-28,20.269208908081055
2010-06-01,20.22623062133789
2010-06-02,20.20903778076172
2010-06-03,20.21763038635254
2010-06-04,19.822219848632812
2010-06-07,19.658897399902344
2010-06-08,19.873796463012695
2010-06-09,19.848007202148438
2010-06-10,20.028520584106445
2010-06-11,20.24342155456543
2010-06-14,20.449724197387695
2010-06-15,20.681814193725586
2010-06-16,20.707599639892578
2010-06-17,20.63023567199707
2010-06-18,20.716196060180664
2010-06-21,20.7763671875
2010-06-22,20.75917625427246
2010-06-23,20.699005126953125
2010-06-24,20.88811492919922
2010-06-25,20.819345474243164
2010-06-28,20.707599639892578
2010-06-29,20.286399841308594
2010-06-30,20.62164306640625
2010-07-01,20.793561935424805
2010-07-02,20.724794387817383
2010-07-06,20.535682678222656
2010-07-07,20.999862670898438
2010-07-08,21.16318702697754
2010-07-09,21.094419479370117
2010-07-12,21.05143928527832
2010-07-13,21.231950759887695
2010-07-14,21.481233596801758
2010-07-15,21.80788230895996
2010-07-16,21.721921920776367
2010-07-19,21.455446243286133
2010-07-20,21.309316635131836
2010-07-21,21.378084182739258
2010-07-22,21.498428344726562
2010-07-23,21.618770599365234
2010-07-26,21.472637176513672
2010-07-27,21.446853637695312
2010-07-28,21.756305694580078
2010-07-29,21.945415496826172
2010-07-30,22.332231521606445
2010-08-02,22.340831756591797
2010-08-03,22.15172004699707
2010-08-04,22.650283813476562
2010-08-05,22.46976661682129
2010-08-06,22.07435417175293
2010-08-09,22.22048568725586
2010-08-10,22.10873794555664
2010-08-11,21.91103172302246
2010-08-12,22.30644416809082
2010-08-13,22.323637008666992
2010-08-16,22.297849655151367
2010-08-17,22.418193817138672
2010-08-18,22.418193817138672
2010-08-19,22.495553970336914
2010-08-20,22.538532257080078
2010-08-23,22.676067352294922
2010-08-24,22.229082107543945
2010-08-25,22.031375885009766
2010-08-26,22.23767852783203
2010-08-27,22.443981170654297
2010-08-30,22.495553970336914
2010-08-31,22.332231521606445
2010-09-01,22.6072998046875
2010-09-02,22.779220581054688
2010-09-03,23.174631118774414
2010-09-07,23.105863571166992
2010-09-08,23.071483612060547
2010-09-09,23.2434024810791
2010-09-10,23.157442092895508
2010-09-13,23.3895320892334
2010-09-14,23.681793212890625
2010-09-15,23.54425811767578
2010-09-16,23.638813018798828
2010-09-17,23.862306594848633
2010-09-20,23.69038963317871
2010-09-21,23.60443115234375
2010-09-22,23.647411346435547
2010-09-23,23.50987434387207
2010-09-24,23.982650756835938
2010-09-27,24.06861114501953
2010-09-28,23.956865310668945
2010-09-29,23.724775314331055
2010-09-30,23.621620178222656
2010-10-01,22.908159255981445
2010-10-04,22.684663772583008
2010-10-05,23.174631118774414
2010-10-06,23.02850341796875
2010-10-07,23.226211547851562
2010-10-08,24.67892074584961
2010-10-11,24.32649040222168
2010-10-12,24.807859420776367
2010-10-13,24.661731719970703
2010-10-14,24.756282806396484
2010-10-15,24.515600204467773
2010-10-18,24.584365844726562
2010-10-19,24.412446975708008
2010-10-20,25.0743350982666
2010-10-21,25.014162063598633
2010-10-22,25.039953231811523
2010-10-25,25.28923225402832
2010-10-26,25.426767349243164
2010-10-27,25.3837890625
2010-10-28,25.392383575439453
2010-10-29,25.52992057800293
2010-11-01,25.332212448120117
2010-11-02,25.53851318359375
2010-11-03,25.555707931518555
2010-11-04,26.131633758544922
2010-11-05,26.071462631225586
2010-11-08,26.398107528686523
2010-11-09,26.544239044189453
2010-11-10,26.501262664794922
2010-11-11,25.899545669555664
2010-11-12,24.816457748413086
2010-11-15,25.1173152923584
2010-11-16,24.309297561645508
2010-11-17,24.4984073638916
2010-11-18,25.392383575439453
2010-11-19,24.91960906982422
2010-11-22,24.936798095703125
2010-11-23,25.031356811523438
2010-11-24,25.25484848022461
2010-11-26,24.962589263916016
2010-11-29,25.151700973510742
2010-11-30,25.00556755065918
2010-12-01,25.54711151123047
2010-12-02,25.63306999206543
2010-12-03,26.09724998474121
2010-12-06,26.19180679321289
2010-12-07,25.873756408691406
2010-12-08,26.09724998474121
2010-12-09,26.037080764770508
2010-12-10,25.91673469543457
2010-12-13,26.398107528686523
2010-12-14,26.251977920532227
2010-12-15,26.303552627563477
2010-12-16,26.380916595458984
2010-12-17,26.793521881103516
2010-12-20,26.93105697631836
2010-12-21,27.102977752685547
2010-12-22,27.395235061645508
2010-12-23,27.549964904785156
2010-12-27,27.601537704467773
2010-12-28,27.7906494140625
2010-12-29,27.75626564025879
2010-12-30,27.378042221069336
2010-12-31,27.80784034729004
2011-01-03,27.764862060546875
2011-01-04,27.206125259399414
2011-01-05,27.46400260925293
2011-01-06,27.137359619140625
2011-01-07,27.188934326171875
2011-01-10,27.506982803344727
2011-01-11,27.661712646484375
2011-01-12,28.10869789123535
2011-01-13,28.211849212646484
2011-01-14,28.10869789123535
2011-01-18,28.332191467285156
2011-01-19,28.263429641723633
2011-01-20,28.50411033630371
2011-01-21,28.78778076171875
2011-01-24,28.79637336730957
2011-01-25,28.658838272094727
2011-01-26,29.2089786529541
2011-01-27,29.165998458862305
2011-01-28,29.157400131225586
2011-01-31,29.475448608398438
2011-02-01,29.664562225341797
2011-02-02,29.99980354309082
2011-02-03,29.544218063354492
2011-02-04,29.501237869262695
2011-02-07,29.57860565185547
2011-02-08,29.561410903930664
2011-02-09,29.86227035522461
2011-02-10,30.051376342773438
2011-02-11,29.939634323120117
2011-02-14,29.948226928710938
2011-02-15,29.57860565185547
2011-02-16,29.767715454101562
2011-02-17,30.292064666748047
2011-02-18,30.00840187072754
2011-02-22,29.380895614624023
2011-02-23,29.466854095458984
2011-02-24,29.23476219177246
2011-02-25,29.836483001708984
2011-02-28,30.059974670410156
2011-03-01,29.75912094116211
2011-03-02,30.042783737182617
2011-03-03,30.4639835357666
2011-03-04,30.343643188476562
2011-03-07,30.326446533203125
2011-03-08,30.317852020263672
2011-03-09,30.137344360351562
2011-03-10,29.372299194335938
2011-03-11,29.21757698059082
2011-03-14,28.95109748840332
2011-03-15,27.62732696533203
2011-03-16,27.670307159423828
2011-03-17,28.719009399414062
2011-03-18,28.933908462524414
2011-03-21,29.140213012695312
2011-03-22,29.183191299438477
2011-03-23,28.882328033447266
2011-03-24,29.165998458862305
2011-03-25,29.35511016845703
2011-03-28,29.045656204223633
2011-03-29,29.002676010131836
2011-03-30,28.933908462524414
2011-03-31,29.423877716064453
2011-04-01,29.509836196899414
2011-04-04,29.673154830932617
2011-04-05,29.690353393554688
2011-04-06,29.492647171020508
2011-04-07,29.458263397216797
2011-04-08,29.57000732421875
2011-04-11,29.44106674194336
2011-04-12,28.99407958984375
2011-04-13,29.157400131225586
2011-04-14,29.21757698059082
2011-04-15,29.131614685058594
2011-04-18,29.21757698059082
2011-04-19,29.501237869262695
2011-04-20,29.509836196899414
2011-04-21,29.587196350097656
2011-04-25,29.449663162231445
2011-04-26,29.346513748168945
2011-04-27,29.303531646728516
2011-04-28,28.968290328979492
2011-04-29,29.277748107910156
2011-05-02,29.140213012695312
2011-05-03,28.985483169555664
2011-05-04,28.521303176879883
2011-05-05,27.833629608154297
2011-05-06,27.868011474609375
2011-05-09,28.314998626708984
2011-05-10,28.443941116333008
2011-05-11,27.85941505432129
2011-05-12,27.88520622253418
2011-05-13,27.62732696533203
2011-05-16,27.54136848449707
2011-05-17,27.893800735473633
2011-05-18,28.426746368408203
2011-05-19,28.091506958007812
2011-05-20,27.945375442504883
2011-05-23,27.62732696533203
2011-05-24,27.61013412475586
2011-05-25,28.022737503051758
2011-05-26,28.194658279418945
2011-05-27,28.22044563293457
2011-05-31,28.13448715209961
2011-06-01,27.75626564025879
2011-06-02,28.168869018554688
2011-06-03,28.314998626708984
2011-06-06,27.73047637939453
2011-06-07,27.910993576049805
2011-06-08,28.229042053222656
2011-06-09,28.49551773071289
2011-06-10,28.22044563293457
2011-06-13,28.23763656616211
2011-06-14,28.16027069091797
2011-06-15,27.764862060546875
2011-06-16,27.635921478271484
2011-06-17,27.713285446166992
2011-06-20,27.82503318786621
2011-06-21,28.20325469970703
2011-06-22,27.73047637939453
2011-06-23,27.696094512939453
2011-06-24,27.446809768676758
2011-06-27,27.32647132873535
2011-06-28,27.833629608154297
2011-06-29,27.97116470336914
2011-06-30,27.28348731994629
2011-07-01,27.64451789855957
2011-07-05,27.97116470336914
2011-07-06,27.7906494140625
2011-07-07,28.10869789123535
2011-07-08,28.0571231842041
2011-07-11,27.945375442504883
2011-07-12,28.16027069091797
2011-07-13,28.624454498291016
2011-07-14,28.306406021118164
2011-07-15,28.211849212646484
2011-07-18,28.031333923339844
2011-07-19,28.20325469970703
2011-07-20,28.117294311523438
2011-07-21,28.014142990112305
2011-07-22,28.20325469970703
2011-07-25,27.945375442504883
2011-07-26,28.177465438842773
2011-07-27,28.125890731811523
2011-07-28,27.945375442504883
2011-07-29,27.721881866455078
2011-08-01,27.97116470336914
2011-08-02,28.20325469970703
2011-08-03,28.065719604492188
2011-08-04,27.515581130981445
2011-08-05,27.678903579711914
2011-08-08,26.94824981689453
2011-08-09,27.223318099975586
2011-08-10,26.956844329833984
2011-08-11,27.687498092651367
2011-08-12,27.77345848083496
2011-08-15,28.031333923339844
2011-08-16,28.246234893798828
2011-08-17,28.512706756591797
2011-08-18,28.125890731811523
2011-08-19,28.443941116333008
2011-08-22,28.624454498291016
2011-08-23,29.06284523010254
2011-08-24,28.667434692382812
2011-08-25,28.71041488647461
2011-08-26,29.191783905029297
2011-08-29,29.389493942260742
2011-08-30,29.32072639465332
2011-08-31,29.32072639465332
2011-09-01,28.985483169555664
2011-09-02,29.157400131225586
2011-09-06,28.70181655883789
2011-09-07,28.804969787597656
2011-09-08,28.69322395324707
2011-09-09,28.45253562927246
2011-09-12,28.45253562927246
2011-09-13,28.211849212646484
2011-09-14,28.186063766479492
2011-09-15,27.833629608154297
2011-09-16,27.524173736572266
2011-09-19,27.30927848815918
2011-09-20,27.28348731994629
2011-09-21,26.741945266723633
2011-09-22,26.123037338256836
2011-09-23,25.899545669555664
2011-09-26,26.251977920532227
2011-09-27,26.40670394897461
2011-09-28,25.822179794311523
2011-09-29,26.40670394897461
2011-09-30,25.504131317138672
2011-10-03,25.41817283630371
2011-10-04,25.54711151123047
2011-10-05,25.787797927856445
2011-10-06,25.873756408691406
2011-10-07,25.6932430267334
2011-10-10,25.865163803100586
2011-10-11,26.217594146728516
2011-10-12,26.17461585998535
2011-10-13,26.484067916870117
2011-10-14,26.8021183013916
2011-10-17,26.58721923828125
2011-10-18,26.552833557128906
2011-10-19,26.32074546813965
2011-10-20,26.458280563354492
2011-10-21,26.44108772277832
2011-10-24,26.741945266723633
2011-10-25,26.484067916870117
2011-10-26,26.286359786987305
2011-10-27,26.741945266723633
2011-10-28,26.673179626464844
2011-10-31,26.140228271484375
2011-11-01,26.148826599121094
2011-11-02,26.08005714416504
2011-11-03,26.42389678955078
2011-11-04,26.32074546813965
2011-11-07,26.40670394897461
2011-11-08,26.46687889099121
2011-11-09,25.890947341918945
2011-11-10,25.710433959960938
2011-11-11,25.822179794311523
2011-11-14,25.658859252929688
2011-11-15,25.890947341918945
2011-11-16,25.68464469909668
2011-11-17,25.340810775756836
2011-11-18,25.186079025268555
2011-11-21,25.10871696472168
2011-11-22,24.98837661743164
2011-11-23,24.764881134033203
2011-11-25,24.5413875579834
2011-11-28,24.61015510559082
2011-11-29,24.739097595214844
2011-11-30,24.91960906982422
2011-12-01,24.84224510192871
2011-12-02,24.72190284729004
2011-12-05,24.61015510559082
2011-12-06,24.670326232910156
2011-12-07,24.352277755737305
2011-12-08,24.343679428100586
2011-12-09,24.077207565307617
2011-12-12,24.042821884155273
2011-12-13,24.18895149230957
2011-12-14,23.80213737487793
2011-12-15,23.733367919921875
2011-12-16,23.733367919921875
2011-12-19,24.060014724731445
2011-12-20,24.309297561645508
2011-12-21,24.395254135131836
2011-12-22,24.532793045043945
2011-12-23,24.584365844726562
2011-12-27,24.84224510192871
2011-12-28,24.79926872253418
2011-12-29,24.730499267578125
2011-12-30,24.825050354003906
2012-01-03,25.031356811523438
2012-01-04,24.945396423339844
2012-01-05,24.412446975708008
2012-01-06,24.369468688964844
2012-01-09,24.756282806396484
2012-01-10,25.12590789794922
2012-01-11,25.143102645874023
2012-01-12,24.764881134033203
2012-01-13,24.601558685302734
2012-01-17,24.653133392333984
2012-01-18,24.61015510559082
2012-01-19,24.79926872253418
2012-01-20,24.739097595214844
2012-01-23,24.868030548095703
2012-01-24,25.134506225585938
2012-01-25,25.22046661376953
2012-01-26,25.186079025268555
2012-01-27,25.10012435913086
2012-01-30,24.773475646972656
2012-01-31,24.928205490112305
2012-02-01,24.99696922302246
2012-02-02,24.97118377685547
2012-02-03,25.091527938842773
2012-02-06,25.143102645874023
2012-02-07,25.065736770629883
2012-02-08,25.048545837402344
2012-02-09,24.85084342956543
2012-02-10,24.592966079711914
2012-02-13,24.756282806396484
2012-02-14,24.704710006713867
2012-02-15,24.730499267578125
2012-02-16,24.868030548095703
2012-02-17,24.91960906982422
2012-02-21,25.082929611206055
2012-02-22,25.160295486450195
2012-02-23,24.91960906982422
2012-02-24,24.97118377685547
2012-02-27,25.057144165039062
2012-02-28,25.211870193481445
2012-02-29,25.143102645874023
2012-03-01,25.349403381347656
2012-03-02,25.229063034057617
2012-03-05,25.057144165039062
2012-03-06,24.618749618530273
2012-03-07,24.403852462768555
2012-03-08,24.481216430664062
2012-03-09,24.421045303344727
2012-03-12,24.515600204467773
2012-03-13,24.592966079711914
2012-03-14,24.464021682739258
2012-03-15,24.661731719970703
2012-03-16,24.61015510559082
2012-03-19,24.57577133178711
2012-03-20,24.464021682739258
2012-03-21,24.421045303344727
2012-03-22,24.360872268676758
2012-03-23,24.378063201904297
2012-03-26,24.4382381439209
2012-03-27,24.4382381439209
2012-03-28,24.102996826171875
2012-03-29,23.71617889404297
2012-03-30,24.15456771850586
2012-04-02,24.30069923400879
2012-04-03,24.14597511291504
2012-04-04,23.939672470092773
2012-04-05,24.025632858276367
2012-04-09,23.965457916259766
2012-04-10,23.647411346435547
2012-04-11,23.810731887817383
2012-04-12,24.051416397094727
2012-04-13,23.656007766723633
2012-04-16,23.44110679626465
2012-04-17,23.578645706176758
2012-04-18,23.320762634277344
2012-04-19,23.432512283325195
2012-04-20,23.432512283325195
2012-04-23,23.3895320892334
2012-04-24,23.449703216552734
2012-04-25,23.37234115600586
2012-04-26,23.277786254882812
2012-04-27,23.3895320892334
2012-04-30,23.458301544189453
2012-05-01,23.552852630615234
2012-05-02,23.140247344970703
2012-05-03,23.234806060791016
2012-05-04,23.11446189880371
2012-05-07,23.183229446411133
2012-05-08,23.054290771484375
2012-05-09,22.93394660949707
2012-05-10,22.93394660949707
2012-05-11,22.676067352294922
2012-05-14,22.590112686157227
2012-05-15,22.84798812866211
2012-05-16,23.097270965576172
2012-05-17,23.19182586669922
2012-05-18,23.33795738220215
2012-05-21,23.286380767822266
2012-05-22,22.890968322753906
2012-05-23,22.547130584716797
2012-05-24,22.56432342529297
2012-05-25,22.658878326416016
2012-05-29,22.581514358520508
2012-05-30,22.443981170654297
2012-05-31,22.418193817138672
2012-06-01,22.177505493164062
2012-06-04,22.28925323486328
2012-06-05,22.211891174316406
2012-06-06,22.547130584716797
2012-06-07,22.84798812866211
2012-06-08,22.839391708374023
2012-06-11,22.650283813476562
2012-06-12,22.650283813476562
2012-06-13,22.486957550048828
2012-06-14,22.443981170654297
2012-06-15,22.340831756591797
2012-06-18,22.590112686157227
2012-06-19,23.11446189880371
2012-06-20,23.02850341796875
2012-06-21,22.796411514282227
2012-06-22,22.770626068115234
2012-06-25,23.209016799926758
2012-06-26,23.54425811767578
2012-06-27,23.819326400756836
2012-06-28,23.862306594848633
2012-06-29,24.257719039916992
2012-07-02,24.472620010375977
2012-07-03,24.84224510192871
2012-07-05,25.186079025268555
2012-07-06,24.928205490112305
2012-07-09,25.478342056274414
2012-07-10,25.28923225402832
2012-07-11,25.160295486450195
2012-07-12,25.10871696472168
2012-07-13,25.29783058166504
2012-07-16,25.53851318359375
2012-07-17,25.461151123046875
2012-07-18,25.74481964111328
2012-07-19,25.873756408691406
2012-07-20,26.0628662109375
2012-07-23,25.753414154052734
2012-07-24,25.32361602783203
2012-07-25,25.58149528503418
2012-07-26,25.426767349243164
2012-07-27,25.787797927856445
2012-07-30,26.123037338256836
2012-07-31,25.899545669555664
2012-08-01,25.95111846923828
2012-08-02,25.676054000854492
2012-08-03,25.822179794311523
2012-08-06,25.74481964111328
2012-08-07,25.624475479125977
2012-08-08,25.77060317993164
2012-08-09,25.92533302307129
2012-08-10,25.736223220825195
2012-08-13,25.3837890625
2012-08-14,25.375192642211914
2012-08-15,25.53851318359375
2012-08-16,25.443960189819336
2012-08-17,25.58149528503418
2012-08-20,25.856565475463867
2012-08-21,26.01129150390625
2012-08-22,25.84796905517578
2012-08-23,25.658859252929688
2012-08-24,25.710433959960938
2012-08-27,25.727624893188477
2012-08-28,25.882352828979492
2012-08-29,26.09724998474121
2012-08-30,26.140228271484375
2012-08-31,26.148826599121094
2012-09-04,26.09724998474121
2012-09-05,25.95111846923828
2012-09-06,25.968311309814453
2012-09-07,25.99410057067871
2012-09-10,26.037080764770508
2012-09-11,25.95111846923828
2012-09-12,26.15742301940918
2012-09-13,26.243383407592773
2012-09-14,26.44108772277832
2012-09-17,25.6932430267334
2012-09-18,25.495534896850586
2012-09-19,25.727624893188477
2012-09-20,25.400981903076172
2012-09-21,25.59868621826172
2012-09-24,25.36659812927246
2012-09-25,25.357999801635742
2012-09-26,24.936798095703125
2012-09-27,24.902414321899414
2012-09-28,25.280637741088867
2012-10-01,25.29783058166504
2012-10-02,25.400981903076172
2012-10-03,25.28923225402832
2012-10-04,25.186079025268555
2012-10-05,25.039953231811523
2012-10-08,25.02276039123535
2012-10-09,25.082929611206055
2012-10-10,24.962589263916016
2012-10-11,25.082929611206055
2012-10-12,24.85084342956543
2012-10-15,24.618749618530273
2012-10-16,24.816457748413086
2012-10-17,24.962589263916016
2012-10-18,25.10871696472168
2012-10-19,25.160295486450195
2012-10-22,25.203271865844727
2012-10-23,25.02276039123535
2012-10-24,24.97118377685547
2012-10-25,24.87662696838379
2012-10-26,24.764881134033203
2012-10-31,24.868030548095703
2012-11-01,24.911012649536133
2012-11-02,24.79926872253418
2012-11-05,24.72190284729004
2012-11-06,24.885225296020508
2012-11-07,24.85084342956543
2012-11-08,24.739097595214844
2012-11-09,24.661731719970703
2012-11-12,24.472620010375977
2012-11-13,24.386661529541016
2012-11-14,24.421045303344727
2012-11-15,24.386661529541016
2012-11-16,24.317893981933594
2012-11-19,24.627347946166992
2012-11-20,24.67892074584961
2012-11-21,24.661731719970703
2012-11-23,24.69611358642578
2012-11-26,24.67892074584961
2012-11-27,24.833648681640625
2012-11-28,24.902414321899414
2012-11-29,24.99696922302246
2012-11-30,24.79926872253418
2012-12-03,24.85943603515625
2012-12-04,24.67892074584961
2012-12-05,24.790668487548828
2012-12-06,24.816457748413086
2012-12-07,24.773475646972656
2012-12-10,24.54998207092285
2012-12-11,24.54998207092285
2012-12-12,24.489810943603516
2012-12-13,24.3350830078125
2012-12-14,24.481216430664062
2012-12-17,24.532793045043945
2012-12-18,24.464021682739258
2012-12-19,24.378063201904297
2012-12-20,24.15456771850586
2012-12-21,24.223337173461914
2012-12-24,24.24912452697754
2012-12-26,24.171762466430664
2012-12-27,24.14597511291504
2012-12-28,24.12018585205078
2012-12-31,24.025632858276367
2013-01-02,24.025632858276367
2013-01-03,23.948266983032227
2013-01-04,23.7591552734375
2013-01-07,23.9224796295166
2013-01-08,23.7591552734375
2013-01-09,23.784948348999023
2013-01-10,23.810731887817383
2013-01-11,23.87090492248535
2013-01-14,23.956865310668945
2013-01-15,23.948266983032227
2013-01-16,23.974056243896484
2013-01-17,23.9224796295166
2013-01-18,23.956865310668945
2013-01-22,23.76775550842285
2013-01-23,23.819326400756836
2013-01-24,23.741962432861328
2013-01-25,23.707582473754883
2013-01-28,23.888097763061523
2013-01-29,23.85371208190918
2013-01-30,23.974056243896484
2013-01-31,23.991247177124023
2013-02-01,23.85371208190918
2013-02-04,23.819326400756836
2013-02-05,23.80213737487793
2013-02-06,23.50987434387207
2013-02-07,23.37234115600586
2013-02-08,23.209016799926758
2013-02-11,23.071483612060547
2013-02-12,22.9769287109375
2013-02-13,22.951139450073242
2013-02-14,22.81360626220703
2013-02-15,22.770626068115234
2013-02-19,22.693260192871094
2013-02-20,22.796411514282227
2013-02-21,22.615896224975586
2013-02-22,22.658878326416016
2013-02-25,22.486957550048828
2013-02-26,22.547130584716797
2013-02-27,22.56432342529297
2013-02-28,22.693260192871094
2013-03-01,22.581514358520508
2013-03-04,22.572917938232422
2013-03-05,22.46976661682129
2013-03-06,22.28925323486328
2013-03-07,22.55572509765625
2013-03-08,22.55572509765625
2013-03-11,22.676067352294922
2013-03-12,22.693260192871094
2013-03-13,22.581514358520508
2013-03-14,22.658878326416016
2013-03-15,22.521345138549805
2013-03-18,22.315038681030273
2013-03-19,22.297849655151367
2013-03-20,22.46976661682129
2013-03-21,22.478363037109375
2013-03-22,22.443981170654297
2013-03-25,22.435382843017578
2013-03-26,22.495553970336914
2013-03-27,22.590112686157227
2013-03-28,22.263463973999023
2013-04-01,22.229082107543945
2013-04-02,22.168909072875977
2013-04-03,22.280656814575195
2013-04-04,22.211891174316406
2013-04-05,22.125926971435547
2013-04-08,22.15172004699707
2013-04-09,22.25486946105957
2013-04-10,22.14312171936035
2013-04-11,22.16031265258789
2013-04-12,22.30644416809082
2013-04-15,21.885242462158203
2013-04-16,22.16031265258789
2013-04-17,22.211891174316406
2013-04-18,22.28925323486328
2013-04-19,22.323637008666992
2013-04-22,22.168909072875977
2013-04-23,21.98839569091797
2013-04-24,22.048566818237305
2013-04-25,22.211891174316406
2013-04-26,22.100141525268555
2013-04-29,22.4010009765625
2013-04-30,22.538532257080078
2013-05-01,22.409595489501953
2013-05-02,22.615896224975586
2013-05-03,22.538532257080078
2013-05-06,22.375211715698242
2013-05-07,22.39240264892578
2013-05-08,22.315038681030273
2013-05-09,22.4010009765625
2013-05-10,22.168909072875977
2013-05-13,22.30644416809082
2013-05-14,22.27206039428711
2013-05-15,22.057161331176758
2013-05-16,21.91103172302246
2013-05-17,21.80788230895996
2013-05-20,21.825071334838867
2013-05-21,21.790687561035156
2013-05-22,21.74770736694336
2013-05-23,21.799285888671875
2013-05-24,21.756305694580078
2013-05-28,21.84226417541504
2013-05-29,21.945415496826172
2013-05-30,21.919626235961914
2013-05-31,21.91103172302246
2013-06-03,22.100141525268555
2013-06-04,22.10873794555664
2013-06-05,21.945415496826172
2013-06-06,22.168909072875977
2013-06-07,22.1946964263916
2013-06-10,22.125926971435547
2013-06-11,22.16031265258789
2013-06-12,21.98839569091797
2013-06-13,21.902435302734375
2013-06-14,21.78209114074707
2013-06-17,21.790687561035156
2013-06-18,21.825071334838867
2013-06-19,22.065759658813477
2013-06-20,21.678939819335938
2013-06-21,21.74770736694336
2013-06-24,21.678939819335938
2013-06-25,21.721921920776367
2013-06-26,21.756305694580078
2013-06-27,21.704730987548828
2013-06-28,21.403873443603516
2013-07-01,21.309316635131836
2013-07-02,21.30072021484375
2013-07-03,21.403873443603516
2013-07-05,21.17177963256836
2013-07-08,21.214759826660156
2013-07-09,21.446853637695312
2013-07-10,21.472637176513672
2013-07-11,21.59298324584961
2013-07-12,21.33510398864746
2013-07-15,21.39527702331543
2013-07-16,21.56719398498535
2013-07-17,21.50702476501465
2013-07-18,21.59298324584961
2013-07-19,21.541404724121094
2013-07-22,21.60157585144043
2013-07-23,21.489830017089844
2013-07-24,21.326509475708008
2013-07-25,21.28352928161621
2013-07-26,21.214759826660156
2013-07-29,21.16318702697754
2013-07-30,21.128801345825195
2013-07-31,21.17177963256836
2013-08-01,20.9826717376709
2013-08-02,20.94828987121582
2013-08-05,21.02564811706543
2013-08-06,21.03424644470215
2013-08-07,21.16318702697754
2013-08-08,21.31791114807129
2013-08-09,21.309316635131836
2013-08-12,21.60157585144043
2013-08-13,21.446853637695312
2013-08-14,21.618770599365234
2013-08-15,21.74770736694336
2013-08-16,21.61017417907715
2013-08-19,21.790687561035156
2013-08-20,21.584386825561523
2013-08-21,21.472637176513672
2013-08-22,21.240549087524414
2013-08-23,21.42106056213379
2013-08-26,21.84226417541504
2013-08-27,21.653154373168945
2013-08-28,21.71332359313965
2013-08-29,21.60157585144043
2013-08-30,21.558597564697266
2013-09-03,21.59298324584961
2013-09-04,21.558597564697266
2013-09-05,21.635963439941406
2013-09-06,21.73911476135254
2013-09-09,21.721921920776367
2013-09-10,21.825071334838867
2013-09-11,21.868051528930664
2013-09-12,22.031375885009766
2013-09-13,21.91103172302246
2013-09-16,21.78209114074707
2013-09-17,21.59298324584961
2013-09-18,21.790687561035156
2013-09-19,21.799285888671875
2013-09-20,21.59298324584961
2013-09-23,21.653154373168945
2013-09-24,21.76490020751953
2013-09-25,21.83366584777832
2013-09-26,21.91103172302246
2013-09-27,21.868051528930664
2013-09-30,21.73911476135254
2013-10-01,21.696134567260742
2013-10-02,21.756305694580078
2013-10-03,21.773496627807617
2013-10-04,21.902435302734375
2013-10-07,22.065759658813477
2013-10-08,22.057161331176758
2013-10-09,21.97979736328125
2013-10-10,21.98839569091797
2013-10-11,22.00558853149414
2013-10-14,22.03997039794922
2013-10-15,22.082950592041016
2013-10-16,22.11733627319336
2013-10-17,22.125926971435547
2013-10-18,22.082950592041016
2013-10-21,22.100141525268555
2013-10-22,22.15172004699707
2013-10-23,22.02277946472168
2013-10-24,21.945415496826172
2013-10-25,21.962608337402344
2013-10-28,21.84226417541504
2013-10-29,21.76490020751953
2013-10-30,21.6617488861084
2013-10-31,21.532808303833008
2013-11-01,21.412466049194336
2013-11-04,21.403873443603516
2013-11-05,21.46404457092285
2013-11-06,21.352294921875
2013-11-07,21.31791114807129
2013-11-08,21.386680603027344
2013-11-11,21.352294921875
2013-11-12,21.352294921875
2013-11-13,21.309316635131836
2013-11-14,21.257740020751953
2013-11-15,21.274932861328125
2013-11-18,21.214759826660156
2013-11-19,21.231950759887695
2013-11-20,21.274932861328125
2013-11-21,21.352294921875
2013-11-22,21.257740020751953
2013-11-25,21.28352928161621
2013-11-26,21.257740020751953
2013-11-27,21.26633644104004
2013-11-29,21.352294921875
2013-12-02,21.309316635131836
2013-12-03,21.33510398864746
2013-12-04,21.26633644104004
2013-12-05,21.11160659790039
2013-12-06,21.18897247314453
2013-12-09,21.180377960205078
2013-12-10,21.19757080078125
2013-12-11,21.19757080078125
2013-12-12,21.180377960205078
2013-12-13,21.154590606689453
2013-12-16,21.128801345825195
2013-12-17,21.03424644470215
2013-12-18,21.02564811706543
2013-12-19,21.0428409576416
2013-12-20,21.19757080078125
2013-12-23,21.18897247314453
2013-12-24,21.145994186401367
2013-12-26,21.06863021850586
2013-12-27,21.12020492553711
2013-12-30,20.94828987121582
2013-12-31,20.845136642456055
2014-01-02,20.7763671875
2014-01-03,21.00845718383789
2014-01-06,21.10301399230957
2014-01-07,20.974075317382812
2014-01-08,20.905305862426758
2014-01-09,20.733388900756836
2014-01-10,20.836538314819336
2014-01-13,20.853731155395508
2014-01-14,20.913904190063477
2014-01-15,20.836538314819336
2014-01-16,20.931095123291016
2014-01-17,20.767772674560547
2014-01-21,20.733388900756836
2014-01-22,20.78496551513672
2014-01-23,20.862329483032227
2014-01-24,20.845136642456055
2014-01-27,20.87092399597168
2014-01-28,20.905305862426758
2014-01-29,20.862329483032227
2014-01-30,20.95688247680664
2014-01-31,21.18897247314453
2014-02-03,21.455446243286133
2014-02-04,21.618770599365234
2014-02-05,21.80788230895996
2014-02-06,21.57579231262207
2014-02-07,21.678939819335938
2014-02-10,21.696134567260742
2014-02-11,21.721921920776367
2014-02-12,21.91103172302246
2014-02-13,21.91103172302246
2014-02-14,21.954011917114258
2014-02-18,22.461172103881836
2014-02-19,22.86518096923828
2014-02-20,22.890968322753906
2014-02-21,22.89956283569336
2014-02-24,23.183229446411133
2014-02-25,23.277786254882812
2014-02-26,23.303573608398438
2014-02-27,23.33795738220215
2014-02-28,23.527069091796875
2014-03-03,24.12018585205078
2014-03-04,24.034225463867188
2014-03-05,24.378063201904297
2014-03-06,24.343679428100586
2014-03-07,24.395254135131836
2014-03-10,24.507003784179688
2014-03-11,24.72190284729004
2014-03-12,24.704710006713867
2014-03-13,24.739097595214844
2014-03-14,24.584365844726562
2014-03-17,24.44683074951172
2014-03-18,24.687517166137695
2014-03-19,24.635940551757812
2014-03-20,24.16316795349121
2014-03-21,23.939672470092773
2014-03-24,24.102996826171875
2014-03-25,24.12018585205078
2014-03-26,24.18035888671875
2014-03-27,24.455427169799805
2014-03-28,24.4382381439209
2014-03-31,24.352277755737305
2014-04-01,24.23193359375
2014-04-02,23.9224796295166
2014-04-03,24.06861114501953
2014-04-04,24.30069923400879
2014-04-07,24.481216430664062
2014-04-08,24.601558685302734
2014-04-09,24.704710006713867
2014-04-10,24.739097595214844
2014-04-11,24.54998207092285
2014-04-14,24.816457748413086
2014-04-15,24.627347946166992
2014-04-16,24.515600204467773
2014-04-17,24.825050354003906
2014-04-21,24.489810943603516
2014-04-22,24.928205490112305
2014-04-23,25.10871696472168
2014-04-24,25.10871696472168
2014-04-25,25.02276039123535
2014-04-28,24.928205490112305
2014-04-29,25.25484848022461
2014-04-30,25.160295486450195
2014-05-01,25.039953231811523
2014-05-02,24.87662696838379
2014-05-05,25.031356811523438
2014-05-06,25.039953231811523
2014-05-07,24.95399284362793
2014-05-08,24.825050354003906
2014-05-09,24.481216430664062
2014-05-12,24.507003784179688
2014-05-13,24.57577133178711
2014-05-14,24.56717300415039
2014-05-15,24.592966079711914
2014-05-16,24.369468688964844
2014-05-19,24.360872268676758
2014-05-20,24.309297561645508
2014-05-21,24.309297561645508
2014-05-22,24.24912452697754
2014-05-23,24.171762466430664
2014-05-27,23.862306594848633
2014-05-28,23.85371208190918
2014-05-29,24.060014724731445
2014-05-30,23.819326400756836
2014-06-02,23.656007766723633
2014-06-03,23.613025665283203
2014-06-04,23.54425811767578
2014-06-05,23.501279830932617
2014-06-06,23.76775550842285
2014-06-09,23.656007766723633
2014-06-10,23.613025665283203
2014-06-11,23.595836639404297
2014-06-12,23.621620178222656
2014-06-13,23.83652114868164
2014-06-16,23.724775314331055
2014-06-17,23.578645706176758
2014-06-18,23.587238311767578
2014-06-19,23.85371208190918
2014-06-20,23.905288696289062
2014-06-23,23.896692276000977
2014-06-24,23.879501342773438
2014-06-25,24.025632858276367
2014-06-26,24.111589431762695
2014-06-27,23.931074142456055
2014-06-30,23.60443115234375
2014-07-01,23.475492477416992
2014-07-02,23.613025665283203
2014-07-03,23.535661697387695
2014-07-07,23.36374282836914
2014-07-08,23.320762634277344
2014-07-09,23.088674545288086
2014-07-10,22.615896224975586
2014-07-11,22.452577590942383
2014-07-14,22.650283813476562
2014-07-15,22.55572509765625
2014-07-16,22.56432342529297
2014-07-17,22.581514358520508
2014-07-18,22.658878326416016
2014-07-21,22.693260192871094
2014-07-22,22.63309097290039
2014-07-23,22.890968322753906
2014-07-24,22.908159255981445
2014-07-25,22.96833038330078
2014-07-28,23.071483612060547
2014-07-29,22.89956283569336
2014-07-30,22.9167537689209
2014-07-31,23.04569435119629
2014-08-01,22.873777389526367
2014-08-04,22.9769287109375
2014-08-05,22.873777389526367
2014-08-06,23.105863571166992
2014-08-07,22.770626068115234
2014-08-08,22.478363037109375
2014-08-11,22.701858520507812
2014-08-12,22.383808135986328
2014-08-13,22.375211715698242
2014-08-14,22.39240264892578
2014-08-15,22.581514358520508
2014-08-18,22.52994155883789
2014-08-19,22.263463973999023
2014-08-20,22.211891174316406
2014-08-21,22.24627113342285
2014-08-22,22.28925323486328
2014-08-25,22.211891174316406
2014-08-26,22.495553970336914
2014-08-27,22.51274871826172
2014-08-28,22.693260192871094
2014-08-29,22.744834899902344
2014-09-02,22.9167537689209
2014-09-03,22.71904945373535
2014-09-04,22.676067352294922
2014-09-05,22.71904945373535
2014-09-08,22.495553970336914
2014-09-09,22.46976661682129
2014-09-10,22.16031265258789
2014-09-11,22.065759658813477
2014-09-12,21.919626235961914
2014-09-15,21.850858688354492
2014-09-16,21.89383888244629
2014-09-17,21.936819076538086
2014-09-18,21.73911476135254
2014-09-19,21.627365112304688
2014-09-22,21.627365112304688
2014-09-23,21.584386825561523
2014-09-24,21.885242462158203
2014-09-25,21.61017417907715
2014-09-26,21.76490020751953
2014-09-29,22.0915470123291
2014-09-30,21.962608337402344
2014-10-01,22.031375885009766
2014-10-02,22.1946964263916
2014-10-03,22.11733627319336
2014-10-06,22.727642059326172
2014-10-07,22.701858520507812
2014-10-08,22.693260192871094
2014-10-09,22.753435134887695
2014-10-10,22.727642059326172
2014-10-13,22.727642059326172
2014-10-14,22.93394660949707
2014-10-15,22.590112686157227
2014-10-16,22.693260192871094
2014-10-17,22.46976661682129
2014-10-20,22.23767852783203
2014-10-21,22.332231521606445
2014-10-22,22.177505493164062
2014-10-23,22.280656814575195
2014-10-24,22.100141525268555
2014-10-27,22.10873794555664
2014-10-28,22.125926971435547
2014-10-29,22.24627113342285
2014-10-30,22.10873794555664
2014-10-31,22.057161331176758
2014-11-03,22.02277946472168
2014-11-04,21.91103172302246
2014-11-05,21.790687561035156
2014-11-06,21.74770736694336
2014-11-07,21.825071334838867
2014-11-10,21.816476821899414
2014-11-11,22.03997039794922
2014-11-12,22.125926971435547
2014-11-13,22.263463973999023
2014-11-14,22.23767852783203
2014-11-17,22.16031265258789
2014-11-18,22.03997039794922
2014-11-19,22.02277946472168
2014-11-20,22.031375885009766
2014-11-21,22.082950592041016
2014-11-24,21.98839569091797
2014-11-25,22.1345272064209
2014-11-26,22.14312171936035
2014-11-28,21.954011917114258
2014-12-01,22.22048568725586
2014-12-02,21.91103172302246
2014-12-03,21.73051643371582
2014-12-04,21.790687561035156
2014-12-05,21.80788230895996
2014-12-08,21.721921920776367
2014-12-09,21.83366584777832
2014-12-10,21.687538146972656
2014-12-11,21.635963439941406
2014-12-12,21.6617488861084
2014-12-15,21.721921920776367
2014-12-16,21.558597564697266
2014-12-17,21.541404724121094
2014-12-18,21.902435302734375
2014-12-19,21.868051528930664
2014-12-22,21.74770736694336
2014-12-23,21.80788230895996
2014-12-24,21.60157585144043
2014-12-26,21.67034339904785
2014-12-29,21.687538146972656
2014-12-30,21.558597564697266
2014-12-31,21.39527702331543
2015-01-02,21.180377960205078
2015-01-05,21.438255310058594
2015-01-06,21.584386825561523
2015-01-07,21.481233596801758
2015-01-08,21.403873443603516
2015-01-09,21.352294921875
2015-01-12,21.19757080078125
2015-01-13,20.991268157958984
2015-01-14,20.9396915435791
2015-01-15,20.836538314819336
2015-01-16,20.767772674560547
2015-01-20,20.61304473876953
2015-01-21,20.492704391479492
2015-01-22,20.39814567565918
2015-01-23,20.18324851989746
2015-01-26,20.21763038635254
2015-01-27,20.21763038635254
2015-01-28,20.11448097229004
2015-01-29,19.942564010620117
2015-01-30,19.890987396240234
2015-02-02,19.693281173706055
2015-02-03,19.976945877075195
2015-02-04,19.890987396240234
2015-02-05,19.959753036499023
2015-02-06,20.11448097229004
2015-02-09,20.29499626159668
2015-02-10,20.054311752319336
2015-02-11,19.968351364135742
2015-02-12,20.08009910583496
2015-02-13,20.2606143951416
2015-02-17,20.252016067504883
2015-02-18,20.105884552001953
2015-02-19,20.071502685546875
2015-02-20,19.89958381652832
2015-02-23,19.75345230102539
2015-02-24,19.796432495117188
2015-02-25,19.624515533447266
2015-02-26,19.73625946044922
2015-02-27,19.8308162689209
2015-03-02,19.66749382019043
2015-03-03,19.5213623046875
2015-03-04,19.55574607849121
2015-03-05,19.426807403564453
2015-03-06,19.418212890625
2015-03-09,19.40961456298828
2015-03-10,19.297870635986328
2015-03-11,19.26348304748535
2015-03-12,19.26348304748535
2015-03-13,18.971221923828125
2015-03-16,19.134544372558594
2015-03-17,18.97981834411621
2015-03-18,19.211910247802734
2015-03-19,19.134544372558594
2015-03-20,19.383827209472656
2015-03-23,19.547149658203125
2015-03-24,19.435401916503906
2015-03-25,19.383827209472656
2015-03-26,19.246292114257812
2015-03-27,19.186120986938477
2015-03-30,19.203310012817383
2015-03-31,19.03139305114746
2015-04-01,19.26348304748535
2015-04-02,19.547149658203125
2015-04-06,19.50417137145996
2015-04-07,19.452592849731445
2015-04-08,19.349443435668945
2015-04-09,19.28927230834961
2015-04-10,19.186120986938477
2015-04-13,19.022796630859375
2015-04-14,19.14314079284668
2015-04-15,19.100160598754883
2015-04-16,19.237695693969727
2015-04-17,19.125951766967773
2015-04-20,18.971221923828125
2015-04-21,18.997011184692383
2015-04-22,18.936840057373047
2015-04-23,19.151737213134766
2015-04-24,19.211910247802734
2015-04-27,19.100160598754883
2015-04-28,19.117351531982422
2015-04-29,19.237695693969727
2015-04-30,19.16033363342285
2015-05-01,18.92824363708496
2015-05-04,18.885263442993164
2015-05-05,19.00560760498047
2015-05-06,19.07437515258789
2015-05-07,19.00560760498047
2015-05-08,19.220504760742188
2015-05-11,19.229101181030273
2015-05-12,19.272079467773438
2015-05-13,19.246292114257812
2015-05-14,19.529956817626953
2015-05-15,19.50417137145996
2015-05-18,19.547149658203125
2015-05-19,19.375232696533203
2015-05-20,19.28927230834961
2015-05-21,19.280675888061523
2015-05-22,19.1087589263916
2015-05-26,18.893857955932617
2015-05-27,18.799304962158203
2015-05-28,18.893857955932617
2015-05-29,18.764921188354492
2015-06-01,18.919649124145508
2015-06-02,19.186120986938477
2015-06-03,19.117351531982422
2015-06-04,19.229101181030273
2015-06-05,19.134544372558594
2015-06-08,19.30646324157715
2015-06-09,19.323654174804688
2015-06-10,19.211910247802734
2015-06-11,18.954030990600586
2015-06-12,18.893857955932617
2015-06-15,18.687557220458984
2015-06-16,18.83368682861328
2015-06-17,18.893857955932617
2015-06-18,18.885263442993164
2015-06-19,18.790706634521484
2015-06-22,19.022796630859375
2015-06-23,19.08296775817871
2015-06-24,19.151737213134766
2015-06-25,19.26348304748535
2015-06-26,19.5213623046875
2015-06-29,19.615915298461914
2015-06-30,20.071502685546875
2015-07-01,20.002737045288086
2015-07-02,20.002737045288086
2015-07-06,19.942564010620117
2015-07-07,19.787837982177734
2015-07-08,19.710474014282227
2015-07-09,19.693281173706055
2015-07-10,19.8308162689209
2015-07-13,19.925371170043945
2015-07-14,19.968351364135742
2015-07-15,19.856603622436523
2015-07-16,19.7276668548584
2015-07-17,19.564342498779297
2015-07-20,19.26348304748535
2015-07-21,19.16033363342285
2015-07-22,19.048585891723633
2015-07-23,18.9454345703125
2015-07-24,18.653175354003906
2015-07-27,18.33512306213379
2015-07-28,18.55002212524414
2015-07-29,18.524234771728516
2015-07-30,18.56721305847168
2015-07-31,18.446868896484375
2015-08-03,18.40389060974121
2015-08-04,18.481252670288086
2015-08-05,18.498445510864258
2015-08-06,18.343719482421875
2015-08-07,18.481252670288086
2015-08-10,18.78211212158203
2015-08-11,18.610193252563477
2015-08-12,18.146013259887695
2015-08-13,18.38669776916504
2015-08-14,18.360912322998047
2015-08-17,18.31793212890625
2015-08-18,18.31793212890625
2015-08-19,18.17180061340332
2015-08-20,18.274951934814453
2015-08-21,17.92251968383789
2015-08-24,17.82796287536621
2015-08-25,17.85375213623047
2015-08-26,17.776386260986328
2015-08-27,17.97409439086914
2015-08-28,17.948305130004883
2015-08-31,17.948305130004883
2015-09-01,17.759197235107422
2015-09-02,17.72481346130371
2015-09-03,17.776386260986328
2015-09-04,17.784984588623047
2015-09-08,17.991287231445312
2015-09-09,18.017072677612305
2015-09-10,17.982690811157227
2015-09-11,18.05146026611328
2015-09-14,18.21478271484375
2015-09-15,18.12022590637207
2015-09-16,18.00847816467285
2015-09-17,17.939712524414062
2015-09-18,17.82796287536621
2015-09-21,17.95690155029297
2015-09-22,17.80217742919922
2015-09-23,17.784984588623047
2015-09-24,17.845155715942383
2015-09-25,18.163206100463867
2015-09-28,18.017072677612305
2015-09-29,17.95690155029297
2015-09-30,17.948305130004883
2015-10-01,17.87094497680664
2015-10-02,17.991287231445312
2015-10-05,18.068649291992188
2015-10-06,18.30074119567871
2015-10-07,18.274951934814453
2015-10-08,18.266355514526367
2015-10-09,18.292142868041992
2015-10-12,18.369508743286133
2015-10-13,18.489850997924805
2015-10-14,18.412487030029297
2015-10-15,18.30074119567871
2015-10-16,18.223377227783203
2015-10-19,18.197587966918945
2015-10-20,18.38669776916504
2015-10-21,18.31793212890625
2015-10-22,18.231971740722656
2015-10-23,18.111631393432617
2015-10-26,18.21478271484375
2015-10-27,18.12022590637207
2015-10-28,18.20618438720703
2015-10-29,18.163206100463867
2015-10-30,18.292142868041992
2015-11-02,18.20618438720703
2015-11-03,18.240570068359375
2015-11-04,18.077245712280273
2015-11-05,17.948305130004883
2015-11-06,17.845155715942383
2015-11-09,17.5271053314209
2015-11-10,17.45833969116211
2015-11-11,17.63885498046875
2015-11-12,17.733407974243164
2015-11-13,17.54429817199707
2015-11-16,17.501317977905273
2015-11-17,17.518508911132812
2015-11-18,17.47553062438965
2015-11-19,17.699026107788086
2015-11-20,17.776386260986328
2015-11-23,17.82796287536621
2015-11-24,17.72481346130371
2015-11-25,17.81077003479004
2015-11-27,17.690427780151367
2015-11-30,17.63025665283203
2015-12-01,17.879535675048828
2015-12-02,17.707618713378906
2015-12-03,17.913923263549805
2015-12-04,18.00847816467285
2015-12-07,17.750600814819336
2015-12-08,17.613067626953125
2015-12-09,17.716217041015625
2015-12-10,17.733407974243164
2015-12-11,17.613067626953125
2015-12-14,17.552894592285156
2015-12-15,17.518508911132812
2015-12-16,17.38097381591797
2015-12-17,17.337997436523438
2015-12-18,17.535701751708984
2015-12-21,17.47553062438965
2015-12-22,17.4841251373291
2015-12-23,17.604469299316406
2015-12-24,17.604469299316406
2015-12-28,17.518508911132812
2015-12-29,17.613067626953125
2015-12-30,17.690427780151367
2015-12-31,17.716217041015625
2016-01-04,17.54429817199707
2016-01-05,17.43255043029785
2016-01-06,17.312206268310547
2016-01-07,17.243436813354492
2016-01-08,17.303613662719727
2016-01-11,17.04573631286621
2016-01-12,17.14888572692871
2016-01-13,17.191864013671875
2016-01-14,17.18326759338379
2016-01-15,17.166074752807617
2016-01-19,17.25203514099121
2016-01-20,17.011350631713867
2016-01-21,17.200462341308594
2016-01-22,17.303613662719727
2016-01-25,17.27782440185547
2016-01-26,17.303613662719727
2016-01-27,17.27782440185547
2016-01-28,17.217653274536133
2016-01-29,17.18326759338379
2016-02-01,17.260629653930664
2016-02-02,17.234844207763672
2016-02-03,17.303613662719727
2016-02-04,17.217653274536133
2016-02-05,17.123096466064453
2016-02-08,17.00275421142578
2016-02-09,16.94257926940918
2016-02-10,16.9511775970459
2016-02-11,16.87381362915039
2016-02-12,16.93398666381836
2016-02-16,17.07151985168457
2016-02-17,17.114501953125
2016-02-18,17.07151985168457
2016-02-19,17.00275421142578
2016-02-22,17.140289306640625
2016-02-23,17.18326759338379
2016-02-24,17.22624969482422
2016-02-25,17.200462341308594
2016-02-26,17.166074752807617
2016-02-29,17.166074752807617
2016-03-01,17.123096466064453
2016-03-02,17.174671173095703
2016-03-03,17.303613662719727
2016-03-04,17.501317977905273
2016-03-07,17.49272346496582
2016-03-08,17.54429817199707
2016-03-09,17.56148910522461
2016-03-10,17.72481346130371
2016-03-11,17.896728515625
2016-03-14,17.999881744384766
2016-03-15,17.982690811157227
2016-03-16,18.068649291992188
2016-03-17,18.180395126342773
2016-03-18,18.128820419311523
2016-03-21,18.094438552856445
2016-03-22,18.18899154663086
2016-03-23,18.034265518188477
2016-03-24,17.87094497680664
2016-03-28,17.948305130004883
2016-03-29,17.991287231445312
2016-03-30,17.784984588623047
2016-03-31,17.707618713378906
2016-04-01,17.613067626953125
2016-04-04,17.4239559173584
2016-04-05,17.32939910888672
2016-04-06,17.34659194946289
2016-04-07,17.243436813354492
2016-04-08,17.441146850585938
2016-04-11,17.312206268310547
2016-04-12,17.406763076782227
2016-04-13,17.47553062438965
2016-04-14,17.466930389404297
2016-04-15,17.656044006347656
2016-04-18,17.759197235107422
2016-04-19,17.982690811157227
2016-04-20,18.197587966918945
2016-04-21,18.034265518188477
2016-04-22,17.664640426635742
2016-04-25,17.896728515625
2016-04-26,18.1030330657959
2016-04-27,17.97409439086914
2016-04-28,17.939712524414062
2016-04-29,18.12022590637207
2016-05-02,18.13741683959961
2016-05-03,17.948305130004883
2016-05-04,18.02566909790039
2016-05-05,17.85375213623047
2016-05-06,17.948305130004883
2016-05-09,17.939712524414062
2016-05-10,18.21478271484375
2016-05-11,18.292142868041992
2016-05-12,18.369508743286133
2016-05-13,18.283550262451172
2016-05-16,18.395294189453125
2016-05-17,18.45546531677246
2016-05-18,18.369508743286133
2016-05-19,18.094438552856445
2016-05-20,18.15460968017578
2016-05-23,17.939712524414062
2016-05-24,17.90532875061035
2016-05-25,18.111631393432617
2016-05-26,18.30933380126953
2016-05-27,18.40389060974121
2016-05-31,18.31793212890625
2016-06-01,18.446868896484375
2016-06-02,18.6789608001709
2016-06-03,18.971221923828125
2016-06-06,19.194717407226562
2016-06-07,19.297870635986328
2016-06-08,19.73625946044922
2016-06-09,19.607322692871094
2016-06-10,19.590131759643555
2016-06-13,19.495573043823242
2016-06-14,19.512765884399414
2016-06-15,19.478384017944336
2016-06-16,19.383827209472656
2016-06-17,19.57293701171875
2016-06-20,19.349443435668945
2016-06-21,19.065780639648438
2016-06-22,18.936840057373047
2016-06-23,18.997011184692383
2016-06-24,18.593000411987305
2016-06-27,18.721939086914062
2016-06-28,18.911048889160156
2016-06-29,19.07437515258789
2016-06-30,18.971221923828125
2016-07-01,18.893857955932617
2016-07-05,18.773517608642578
2016-07-06,18.558618545532227
2016-07-07,18.20618438720703
2016-07-08,18.421083450317383
2016-07-11,18.498445510864258
2016-07-12,18.51563835144043
2016-07-13,18.6359806060791
2016-07-14,18.721939086914062
2016-07-15,18.343719482421875
2016-07-18,18.489850997924805
2016-07-19,18.1030330657959
2016-07-20,17.888134002685547
2016-07-21,17.819366455078125
2016-07-22,17.819366455078125
2016-07-25,17.879535675048828
2016-07-26,17.81077003479004
2016-07-27,17.74200439453125
2016-07-28,17.5872745513916
2016-07-29,17.699026107788086
2016-08-01,17.656044006347656
2016-08-02,17.59587287902832
2016-08-03,17.673234939575195
2016-08-04,17.750600814819336
2016-08-05,17.982690811157227
2016-08-08,17.991287231445312
2016-08-09,17.913923263549805
2016-08-10,17.80217742919922
2016-08-11,17.72481346130371
2016-08-12,17.793581008911133
2016-08-15,17.948305130004883
2016-08-16,17.948305130004883
2016-08-17,17.879535675048828
2016-08-18,17.999881744384766
2016-08-19,17.931116104125977
2016-08-22,18.02566909790039
2016-08-23,18.042861938476562
2016-08-24,17.82796287536621
2016-08-25,17.759197235107422
2016-08-26,17.647449493408203
2016-08-29,17.518508911132812
2016-08-30,17.4841251373291
2016-08-31,17.389572143554688
2016-09-01,17.389572143554688
2016-09-02,17.44974136352539
2016-09-06,17.43255043029785
2016-09-07,17.621660232543945
2016-09-08,17.604469299316406
2016-09-09,17.4841251373291
2016-09-12,17.501317977905273
2016-09-13,17.269229888916016
2016-09-14,17.234844207763672
2016-09-15,17.295015335083008
2016-09-16,17.47553062438965
2016-09-19,17.570085525512695
2016-09-20,17.72481346130371
2016-09-21,17.74200439453125
2016-09-22,17.673234939575195
2016-09-23,17.59587287902832
2016-09-26,17.54429817199707
2016-09-27,17.49272346496582
2016-09-28,17.4841251373291
2016-09-29,17.320802688598633
2016-09-30,17.174671173095703
2016-10-03,17.191864013671875
2016-10-04,17.303613662719727
2016-10-05,17.337997436523438
2016-10-06,17.22624969482422
2016-10-07,17.234844207763672
2016-10-10,17.191864013671875
2016-10-11,17.209056854248047
2016-10-12,17.140289306640625
2016-10-13,17.260629653930664
2016-10-14,17.34659194946289
2016-10-17,17.43255043029785
2016-10-18,17.4239559173584
2016-10-19,17.415359497070312
2016-10-20,17.372377395629883
2016-10-21,17.43255043029785
2016-10-24,17.57868194580078
2016-10-25,17.690427780151367
2016-10-26,17.72481346130371
2016-10-27,17.793581008911133
2016-10-28,17.733407974243164
2016-10-31,17.63885498046875
2016-11-01,17.4841251373291
2016-11-02,17.5872745513916
2016-11-03,17.552894592285156
2016-11-04,17.552894592285156
2016-11-07,17.5271053314209
2016-11-08,17.56148910522461
2016-11-09,17.4841251373291
2016-11-10,17.372377395629883
2016-11-11,17.34659194946289
2016-11-14,17.243436813354492
2016-11-15,17.234844207763672
2016-11-16,17.25203514099121
2016-11-17,17.303613662719727
2016-11-18,17.32939910888672
2016-11-21,17.4841251373291
2016-11-22,17.45833969116211
2016-11-23,17.43255043029785
2016-11-25,17.44974136352539
2016-11-28,17.406763076782227
2016-11-29,17.191864013671875
2016-11-30,17.140289306640625
2016-12-01,16.9511775970459
2016-12-02,16.91679573059082
2016-12-05,16.994157791137695
2016-12-06,17.114501953125
2016-12-07,17.157482147216797
2016-12-08,17.037137985229492
2016-12-09,17.01994514465332
2016-12-12,17.27782440185547
2016-12-13,17.295015335083008
2016-12-14,17.25203514099121
2016-12-15,17.200462341308594
2016-12-16,17.312206268310547
2016-12-19,17.38097381591797
2016-12-20,17.200462341308594
2016-12-21,17.22624969482422
2016-12-22,17.04573631286621
2016-12-23,16.97696876525879
2016-12-27,17.14888572692871
2016-12-28,17.140289306640625
2016-12-29,17.14888572692871
2016-12-30,17.166074752807617
2017-01-03,17.157482147216797
2017-01-04,17.466930389404297
2017-01-05,17.552894592285156
2017-01-06,17.4841251373291
2017-01-09,17.518508911132812
2017-01-10,17.690427780151367
2017-01-11,17.59587287902832
2017-01-12,17.74200439453125
2017-01-13,17.819366455078125
2017-01-17,17.95690155029297
2017-01-18,17.939712524414062
2017-01-19,17.836559295654297
2017-01-20,17.90532875061035
2017-01-23,17.939712524414062
2017-01-24,17.862348556518555
2017-01-25,17.92251968383789
2017-01-26,17.716217041015625
2017-01-27,17.681833267211914
2017-01-30,17.4841251373291
2017-01-31,17.535701751708984
2017-02-01,17.707618713378906
2017-02-02,17.673234939575195
2017-02-03,17.681833267211914
2017-02-06,17.647449493408203
2017-02-07,17.664640426635742
2017-02-08,17.63885498046875
2017-02-09,17.681833267211914
2017-02-10,17.681833267211914
2017-02-13,17.59587287902832
2017-02-14,17.656044006347656
2017-02-15,17.759197235107422
2017-02-16,17.707618713378906
2017-02-17,17.699026107788086
2017-02-21,17.74200439453125
2017-02-22,17.699026107788086
2017-02-23,17.604469299316406
2017-02-24,17.441146850585938
2017-02-27,17.295015335083008
2017-02-28,17.36378288269043
2017-03-01,17.59587287902832
2017-03-02,17.466930389404297
2017-03-03,17.466930389404297
2017-03-06,17.43255043029785
2017-03-07,17.269229888916016
2017-03-08,17.234844207763672
2017-03-09,17.140289306640625
2017-03-10,17.174671173095703
2017-03-13,17.234844207763672
2017-03-14,17.200462341308594
2017-03-15,17.260629653930664
2017-03-16,17.337997436523438
2017-03-17,17.320802688598633
2017-03-20,17.32939910888672
2017-03-21,17.295015335083008
2017-03-22,17.303613662719727
2017-03-23,17.320802688598633
2017-03-24,17.191864013671875
2017-03-27,17.105905532836914
2017-03-28,17.04573631286621
2017-03-29,17.00275421142578
2017-03-30,16.94257926940918
2017-03-31,17.00275421142578
2017-04-03,16.91679573059082
2017-04-04,16.787858963012695
2017-04-05,16.79645347595215
2017-04-06,16.813642501831055
2017-04-07,16.830833435058594
2017-04-10,16.8480281829834
2017-04-11,16.985563278198242
2017-04-12,16.93398666381836
2017-04-13,16.93398666381836
2017-04-17,16.91679573059082
2017-04-18,16.959774017333984
2017-04-19,16.753469467163086
2017-04-20,16.51278305053711
2017-04-21,16.581554412841797
2017-04-24,16.50419044494629
2017-04-25,16.67610740661621
2017-04-26,16.62453269958496
2017-04-27,16.779260635375977
2017-04-28,16.96837043762207
2017-05-01,17.200462341308594
2017-05-02,17.234844207763672
2017-05-03,17.406763076782227
2017-05-04,17.200462341308594
2017-05-05,17.18326759338379
2017-05-08,17.27782440185547
2017-05-09,17.166074752807617
2017-05-10,17.269229888916016
2017-05-11,17.191864013671875
2017-05-12,17.34659194946289
2017-05-15,17.209056854248047
2017-05-16,17.191864013671875
2017-05-17,17.320802688598633
2017-05-18,17.200462341308594
2017-05-19,17.39816665649414
2017-05-22,17.441146850585938
2017-05-23,17.209056854248047
2017-05-24,17.0543270111084
2017-05-25,17.09731101989746
2017-05-26,17.04573631286621
2017-05-30,17.080120086669922
2017-05-31,17.174671173095703
2017-06-01,17.157482147216797
2017-06-02,17.105905532836914
2017-06-05,17.131690979003906
2017-06-06,17.062925338745117
2017-06-07,17.217653274536133
2017-06-08,17.25203514099121
2017-06-09,17.312206268310547
2017-06-12,17.105905532836914
2017-06-13,17.04573631286621
2017-06-14,16.925390243530273
2017-06-15,16.94257926940918
2017-06-16,16.97696876525879
2017-06-19,16.82223892211914
2017-06-20,16.787858963012695
2017-06-21,16.564363479614258
2017-06-22,16.29788589477539
2017-06-23,16.37525177001953
2017-06-26,16.418230056762695
2017-06-27,16.383846282958984
2017-06-28,16.42682647705078
2017-06-29,16.65032196044922
2017-06-30,17.062925338745117
2017-07-03,17.312206268310547
2017-07-05,17.337997436523438
2017-07-06,17.243436813354492
2017-07-07,17.27782440185547
2017-07-10,17.295015335083008
2017-07-11,17.303613662719727
2017-07-12,17.286420822143555
2017-07-13,17.14888572692871
2017-07-14,17.25203514099121
2017-07-17,17.217653274536133
2017-07-18,17.157482147216797
2017-07-19,17.415359497070312
2017-07-20,17.406763076782227
2017-07-21,17.303613662719727
2017-07-24,17.07151985168457
2017-07-25,16.79645347595215
2017-07-26,16.94257926940918
2017-07-27,17.131690979003906
2017-07-28,17.140289306640625
2017-07-31,17.131690979003906
2017-08-01,16.891008377075195
2017-08-02,17.09731101989746
2017-08-03,16.959774017333984
2017-08-04,16.89960289001465
2017-08-07,16.93398666381836
2017-08-08,16.87381362915039
2017-08-09,16.77066421508789
2017-08-10,16.409635543823242
2017-08-11,16.50419044494629
2017-08-14,16.418230056762695
2017-08-15,16.28069496154785
2017-08-16,16.143163681030273
2017-08-17,16.040010452270508
2017-08-18,16.04860496520996
2017-08-21,15.971243858337402
2017-08-22,15.971243858337402
2017-08-23,15.885281562805176
2017-08-24,16.040010452270508
2017-08-25,16.031415939331055
2017-08-28,16.143163681030273
2017-08-29,15.885281562805176
2017-08-30,15.893877983093262
2017-08-31,16.022817611694336
2017-09-01,15.988431930541992
2017-09-05,16.151758193969727
2017-09-06,16.194734573364258
2017-09-07,16.11737060546875
2017-09-08,16.203332901000977
2017-09-11,16.186141967773438
2017-09-12,16.091585159301758
2017-09-13,16.203332901000977
2017-09-14,16.21192741394043
2017-09-15,16.383846282958984
2017-09-18,16.289295196533203
2017-09-19,16.22911834716797
2017-09-20,16.435422897338867
2017-09-21,16.383846282958984
2017-09-22,16.383846282958984
2017-09-25,16.237714767456055
2017-09-26,16.186141967773438
2017-09-27,16.315078735351562
2017-09-28,16.194734573364258
2017-09-29,16.315078735351562
2017-10-02,16.25490951538086
2017-10-03,16.263504028320312
2017-10-04,16.263504028320312
2017-10-05,16.37525177001953
2017-10-06,16.409635543823242
2017-10-09,16.29788589477539
2017-10-10,16.401039123535156
2017-10-11,16.418230056762695
2017-10-12,16.39244270324707
2017-10-13,16.452611923217773
2017-10-16,16.37525177001953
2017-10-17,16.263504028320312
2017-10-18,16.289295196533203
2017-10-19,16.435422897338867
2017-10-20,16.32367515563965
2017-10-23,16.37525177001953
2017-10-24,16.478404998779297
2017-10-25,16.469804763793945
2017-10-26,16.521381378173828
2017-10-27,16.564363479614258
2017-10-30,16.62453269958496
2017-10-31,16.710493087768555
2017-11-01,16.710493087768555
2017-11-02,16.68470573425293
2017-11-03,16.69329833984375
2017-11-06,16.710493087768555
2017-11-07,16.719087600708008
2017-11-08,16.65032196044922
2017-11-09,16.615936279296875
2017-11-10,16.6417236328125
2017-11-13,16.581554412841797
2017-11-14,16.444019317626953
2017-11-15,16.409635543823242
2017-11-16,16.383846282958984
2017-11-17,16.401039123535156
2017-11-20,16.332271575927734
2017-11-21,16.340866088867188
2017-11-22,16.478404998779297
2017-11-24,16.452611923217773
2017-11-27,16.444019317626953
2017-11-28,16.435422897338867
2017-11-29,16.564363479614258
2017-11-30,16.401039123535156
2017-12-01,16.383846282958984
2017-12-04,16.315078735351562
2017-12-05,16.203332901000977
2017-12-06,16.031415939331055
2017-12-07,15.885281562805176
2017-12-08,15.842306137084961
2017-12-11,15.730555534362793
2017-12-12,15.636001586914062
2017-12-13,15.687577247619629
2017-12-14,15.678977966308594
2017-12-15,15.756343841552734
2017-12-18,15.773537635803223
2017-12-19,15.790727615356445
2017-12-20,15.859496116638184
2017-12-21,15.876688003540039
2017-12-22,15.825111389160156
2017-12-26,15.962647438049316
2017-12-27,16.04860496520996
2017-12-28,16.091585159301758
2017-12-29,16.12596893310547
2018-01-02,16.306480407714844
2018-01-03,16.29788589477539
2018-01-04,16.2721004486084
2018-01-05,16.186141967773438
2018-01-08,16.07439422607422
2018-01-09,16.108776092529297
2018-01-10,16.04860496520996
2018-01-11,15.988431930541992
2018-01-12,15.954050064086914
2018-01-16,15.936859130859375
2018-01-17,16.065799713134766
2018-01-18,16.057199478149414
2018-01-19,16.01422119140625
2018-01-22,16.065799713134766
2018-01-23,16.005624771118164
2018-01-24,16.160350799560547
2018-01-25,16.108776092529297
2018-01-26,16.237714767456055
2018-01-29,16.25490951538086
2018-01-30,16.28069496154785
2018-01-31,16.186141967773438
2018-02-01,16.332271575927734
2018-02-02,16.306480407714844
2018-02-05,16.194734573364258
2018-02-06,16.315078735351562
2018-02-07,16.29788589477539
2018-02-08,16.21192741394043
2018-02-09,16.17754364013672
2018-02-12,16.28069496154785
2018-02-13,16.28069496154785
2018-02-14,16.340866088867188
2018-02-15,16.435422897338867
2018-02-16,16.306480407714844
2018-02-20,16.315078735351562
2018-02-21,16.2721004486084
2018-02-22,16.366655349731445
2018-02-23,16.418230056762695
2018-02-26,16.452611923217773
2018-02-27,16.418230056762695
2018-02-28,16.478404998779297
2018-03-01,16.727684020996094
2018-03-02,16.66751480102539
2018-03-05,16.87381362915039
2018-03-06,16.839431762695312
2018-03-07,16.69329833984375
2018-03-08,16.744876861572266
2018-03-09,16.633129119873047
2018-03-12,16.65891456604004
2018-03-13,16.66751480102539
2018-03-14,16.67610740661621
2018-03-15,16.572956085205078
2018-03-16,16.495595932006836
2018-03-19,16.194734573364258
2018-03-20,16.160350799560547
2018-03-21,16.203332901000977
2018-03-22,16.203332901000977
2018-03-23,16.22052574157715
2018-03-26,16.168949127197266
2018-03-27,16.07439422607422
2018-03-28,16.065799713134766
2018-03-29,16.168949127197266
2018-04-02,16.082990646362305
2018-04-03,15.988431930541992
2018-04-04,15.945453643798828
2018-04-05,16.17754364013672
2018-04-06,16.091585159301758
2018-04-09,16.32367515563965
2018-04-10,16.237714767456055
2018-04-11,16.24631118774414
2018-04-12,16.306480407714844
2018-04-13,16.25490951538086
2018-04-16,16.203332901000977
2018-04-17,16.194734573364258
2018-04-18,16.37525177001953
2018-04-19,16.332271575927734
2018-04-20,16.203332901000977
2018-04-23,16.151758193969727
2018-04-24,16.2721004486084
2018-04-25,16.383846282958984
2018-04-26,16.306480407714844
2018-04-27,16.521381378173828
2018-04-30,16.547168731689453
2018-05-01,16.744876861572266
2018-05-02,16.607341766357422
2018-05-03,16.79645347595215
2018-05-04,16.607341766357422
2018-05-07,16.461210250854492
2018-05-08,16.495595932006836
2018-05-09,16.366655349731445
2018-05-10,16.37525177001953
2018-05-11,16.289295196533203
2018-05-14,16.203332901000977
2018-05-15,16.11737060546875
2018-05-16,16.134565353393555
2018-05-17,16.040010452270508
2018-05-18,16.22052574157715
2018-05-21,16.32367515563965
2018-05-22,16.418230056762695
2018-05-23,16.581554412841797
2018-05-24,16.52997589111328
2018-05-25,16.6417236328125
2018-05-29,16.521381378173828
2018-05-30,16.52997589111328
2018-05-31,16.51278305053711
2018-06-01,16.452611923217773
2018-06-04,16.057199478149414
2018-06-05,16.022817611694336
2018-06-06,16.10017967224121
2018-06-07,15.971243858337402
2018-06-08,16.134565353393555
2018-06-11,15.954050064086914
2018-06-12,16.151758193969727
2018-06-13,16.04860496520996
2018-06-14,15.833707809448242
2018-06-15,15.868087768554688
2018-06-18,15.71336555480957
2018-06-19,15.558635711669922
2018-06-20,15.62740421295166
2018-06-21,15.584425926208496
2018-06-22,15.653193473815918
2018-06-25,15.403910636901855
2018-06-26,15.378122329711914
2018-06-27,15.266374588012695
2018-06-28,15.274972915649414
2018-06-29,15.498465538024902
2018-07-02,15.180416107177734
2018-07-03,15.18901252746582
2018-07-05,15.180416107177734
2018-07-06,15.39531421661377
2018-07-09,15.2319917678833
2018-07-10,15.146032333374023
2018-07-11,14.85377025604248
2018-07-12,14.956921577453613
2018-07-13,14.922539710998535
2018-07-16,14.896749496459961
2018-07-17,14.896749496459961
2018-07-18,14.85377025604248
2018-07-19,14.888153076171875
2018-07-20,14.991305351257324
2018-07-23,15.025688171386719
2018-07-24,14.974113464355469
2018-07-25,15.18901252746582
2018-07-26,15.085859298706055
2018-07-27,15.017094612121582
2018-07-30,15.111648559570312
2018-07-31,15.068672180175781
2018-08-01,14.991305351257324
2018-08-02,14.939728736877441
2018-08-03,15.051478385925293
2018-08-06,15.163223266601562
2018-08-07,15.085859298706055
2018-08-08,15.077264785766602
2018-08-09,15.034285545349121
2018-08-10,14.793598175048828
2018-08-13,14.68185043334961
2018-08-14,14.802193641662598
2018-08-15,14.673256874084473
2018-08-16,14.8623685836792
2018-08-17,14.991305351257324
2018-08-20,14.845176696777344
2018-08-21,14.827983856201172
2018-08-22,14.733427047729492
2018-08-23,14.60448932647705
2018-08-24,14.647467613220215
2018-08-27,14.76781177520752
2018-08-28,14.52712345123291
2018-08-29,14.60448932647705
2018-08-30,14.484145164489746
2018-08-31,14.66465950012207
2018-09-04,14.656064987182617
2018-09-05,14.656064987182617
2018-09-06,14.621681213378906
2018-09-07,14.699044227600098
2018-09-10,14.802193641662598
2018-09-11,14.656064987182617
2018-09-12,14.750618934631348
2018-09-13,14.68185043334961
2018-09-14,14.656064987182617
2018-09-17,14.52712345123291
2018-09-18,14.518528938293457
2018-09-19,14.587294578552246
2018-09-20,14.68185043334961
2018-09-21,14.68185043334961
2018-09-24,14.638874053955078
2018-09-25,14.595891952514648
2018-09-26,14.578700065612793
2018-09-27,14.518528938293457
2018-09-28,14.535721778869629
2018-10-01,14.656064987182617
2018-10-02,14.922539710998535
2018-10-03,14.76781177520752
2018-10-04,14.742023468017578
2018-10-05,14.913942337036133
2018-10-08,14.99990177154541
2018-10-09,14.982709884643555
2018-10-10,14.85377025604248
2018-10-11,14.888153076171875
2018-10-12,15.085859298706055
2018-10-15,15.266374588012695
2018-10-16,15.266374588012695
2018-10-17,15.257780075073242
2018-10-18,15.085859298706055
2018-10-19,15.077264785766602
2018-10-22,15.146032333374023
2018-10-23,15.180416107177734
2018-10-24,15.146032333374023
2018-10-25,15.09445571899414
2018-10-26,15.2319917678833
2018-10-29,15.051478385925293
2018-10-30,14.99990177154541
2018-10-31,14.965518951416016
2018-11-01,15.146032333374023
2018-11-02,15.274972915649414
2018-11-05,15.18901252746582
2018-11-06,15.111648559570312
2018-11-07,15.120244979858398
2018-11-08,15.042880058288574
2018-11-09,14.879560470581055
2018-11-12,14.87096118927002
2018-11-13,14.810791015625
2018-11-14,14.85377025604248
2018-11-15,14.819387435913086
2018-11-16,14.974113464355469
2018-11-19,14.922539710998535
2018-11-20,14.827983856201172
2018-11-21,14.819387435913086
2018-11-23,14.750618934631348
2018-11-26,14.68185043334961
2018-11-27,14.690447807312012
2018-11-28,14.827983856201172
2018-11-29,14.8623685836792
2018-11-30,14.8623685836792
2018-12-03,14.931135177612305
2018-12-04,14.8623685836792
2018-12-06,14.827983856201172
2018-12-07,14.965518951416016
2018-12-10,14.905345916748047
2018-12-11,14.827983856201172
2018-12-12,14.896749496459961
2018-12-13,14.965518951416016
2018-12-14,14.896749496459961
2018-12-17,14.802193641662598
2018-12-18,14.802193641662598
2018-12-19,14.776409149169922
2018-12-20,14.733427047729492
2018-12-21,14.61308479309082
2018-12-24,14.726029396057129
2018-12-26,14.73471450805664
2018-12-27,14.682585716247559
2018-12-28,14.743401527404785
2018-12-31,14.717339515686035
2019-01-02,14.691276550292969
2019-01-03,14.743401527404785
2019-01-04,14.717339515686035
2019-01-07,14.908473014831543
2019-01-08,15.012728691101074
2019-01-09,15.03879451751709
2019-01-10,14.925849914550781
2019-01-11,14.977977752685547
2019-01-14,14.908473014831543
2019-01-15,14.838969230651855
2019-01-16,14.85634708404541
2019-01-17,14.943225860595703
2019-01-18,15.012728691101074
2019-01-22,14.882410049438477
2019-01-23,14.925849914550781
2019-01-24,14.934539794921875
2019-01-25,14.838969230651855
2019-01-28,14.847658157348633
2019-01-29,14.778155326843262
2019-01-30,14.7694673538208
2019-01-31,14.699963569641113
2019-02-01,14.70865249633789
2019-02-04,14.873723030090332
2019-02-05,14.830283164978027
2019-02-06,14.865034103393555
2019-02-07,14.726029396057129
2019-02-08,14.621772766113281
2019-02-11,14.604397773742676
2019-02-12,14.67389965057373
2019-02-13,14.647836685180664
2019-02-14,14.51751708984375
2019-02-15,14.656524658203125
2019-02-19,14.595706939697266
2019-02-20,14.500143051147461
2019-02-21,14.534892082214355
2019-02-22,14.560956954956055
2019-02-25,14.39588737487793
2019-02-26,14.369824409484863
2019-02-27,14.430639266967773
2019-02-28,14.28294563293457
2019-03-01,14.291632652282715
2019-03-04,14.1873779296875
2019-03-05,14.265567779541016
2019-03-06,14.196064949035645
2019-03-07,14.083121299743652
2019-03-08,14.161312103271484
2019-03-11,14.109184265136719
2019-03-12,14.1873779296875
2019-03-13,14.222129821777344
2019-03-14,14.309006690979004
2019-03-15,14.491453170776367
2019-03-18,14.500143051147461
2019-03-19,14.4653902053833
2019-03-20,14.500143051147461
2019-03-21,14.613083839416504
2019-03-22,14.560956954956055
2019-03-25,14.621772766113281
2019-03-26,14.604397773742676
2019-03-27,14.51751708984375
2019-03-28,14.4653902053833
2019-03-29,14.309006690979004
2019-04-01,14.430639266967773
2019-04-02,14.474078178405762
2019-04-03,14.578333854675293
2019-04-04,14.76077938079834
2019-04-05,14.691276550292969
2019-04-08,14.639147758483887
2019-04-09,14.595706939697266
2019-04-10,14.639147758483887
2019-04-11,14.560956954956055
2019-04-12,14.66521167755127
2019-04-15,14.639147758483887
2019-04-16,14.491453170776367
2019-04-17,14.439326286315918
2019-04-18,14.534892082214355
2019-04-22,14.361135482788086
2019-04-23,14.300318717956543
2019-04-24,14.126562118530273
2019-04-25,14.065746307373047
2019-04-26,14.074434280395508
2019-04-29,13.987555503845215
2019-04-30,13.952802658081055
2019-05-01,13.970178604125977
2019-05-02,14.00493049621582
2019-05-03,13.926739692687988
2019-05-06,13.787731170654297
2019-05-07,13.735605239868164
2019-05-08,13.622661590576172
2019-05-09,13.579222679138184
2019-05-10,13.54447078704834
2019-05-13,13.509718894958496
2019-05-14,13.735605239868164
2019-05-15,13.761669158935547
2019-05-16,13.961490631103516
2019-05-17,13.831172943115234
2019-05-20,14.013617515563965
2019-05-21,14.083121299743652
2019-05-22,14.039682388305664
2019-05-23,13.99624252319336
2019-05-24,14.135249137878418
2019-05-28,14.361135482788086
2019-05-29,14.361135482788086
2019-05-30,14.552268981933594
2019-05-31,14.439326286315918
2019-06-03,14.413262367248535
2019-06-04,14.4653902053833
2019-06-05,14.265567779541016
2019-06-06,14.456700325012207
2019-06-07,14.300318717956543
2019-06-10,14.413262367248535
2019-06-11,14.474078178405762
2019-06-12,14.552268981933594
2019-06-13,14.569645881652832
2019-06-14,14.578333854675293
2019-06-17,14.682585716247559
2019-06-18,14.604397773742676
2019-06-19,14.543580055236816
2019-06-20,14.560956954956055
2019-06-21,14.39588737487793
2019-06-24,14.42194938659668
2019-06-25,14.491453170776367
2019-06-26,14.500143051147461
2019-06-27,14.552268981933594
2019-06-28,14.39588737487793
2019-07-01,14.378510475158691
2019-07-02,14.309006690979004
2019-07-03,14.500143051147461
2019-07-05,14.413262367248535
2019-07-08,14.413262367248535
2019-07-09,14.456700325012207
2019-07-10,14.474078178405762
2019-07-11,14.569645881652832
2019-07-12,14.67389965057373
2019-07-15,14.51751708984375
2019-07-16,14.404574394226074
2019-07-17,14.361135482788086
2019-07-18,14.256879806518555
2019-07-19,14.42194938659668
2019-07-22,14.34376049041748
2019-07-23,14.387198448181152
2019-07-24,14.387198448181152
2019-07-25,14.265567779541016
2019-07-26,14.204751968383789
2019-07-29,14.178689002990723
2019-07-30,14.057058334350586
2019-07-31,13.848546981811523
2019-08-01,13.683476448059082
2019-08-02,13.666101455688477
2019-08-05,13.674789428710938
2019-08-06,13.54447078704834
2019-08-07,13.527094841003418
2019-08-08,13.622661590576172
2019-08-09,13.683476448059082
2019-08-12,13.231705665588379
2019-08-13,13.188265800476074
2019-08-14,13.214329719543457
2019-08-15,13.14482593536377
2019-08-16,13.101387023925781
2019-08-19,13.05794620513916
2019-08-20,13.066635131835938
2019-08-21,13.092698097229004
2019-08-22,13.136138916015625
2019-08-23,12.979755401611328
2019-08-26,13.14482593536377
2019-08-27,13.0492582321167
2019-08-28,13.084010124206543
2019-08-29,13.031883239746094
2019-08-30,13.014507293701172
2019-09-03,13.005820274353027
2019-09-04,13.05794620513916
2019-09-05,12.962379455566406
2019-09-06,12.892876625061035
2019-09-09,12.892876625061035
2019-09-10,13.101387023925781
2019-09-11,13.127449989318848
2019-09-12,13.379399299621582
2019-09-13,13.414151191711426
2019-09-16,13.54447078704834
2019-09-17,13.431527137756348
2019-09-18,13.431527137756348
2019-09-19,13.474967002868652
2019-09-20,13.396775245666504
2019-09-23,13.492341995239258
2019-09-24,13.518407821655273
2019-09-25,13.648726463317871
2019-09-26,13.674789428710938
2019-09-27,13.657413482666016
2019-09-30,13.779043197631836
2019-10-01,13.796420097351074
2019-10-02,13.761669158935547
2019-10-03,13.796420097351074
2019-10-04,13.70085334777832
2019-10-07,13.579222679138184
2019-10-08,13.657413482666016
2019-10-09,13.683476448059082
2019-10-10,13.631349563598633
2019-10-11,13.81379508972168
2019-10-14,13.805108070373535
2019-10-15,13.891986846923828
2019-10-16,13.8572359085083
2019-10-17,13.81379508972168
2019-10-18,13.839859962463379
2019-10-21,13.81379508972168
2019-10-22,13.770358085632324
2019-10-23,13.796420097351074
2019-10-24,13.761669158935547
2019-10-25,13.796420097351074
2019-10-28,13.874611854553223
2019-10-29,13.831172943115234
2019-10-30,13.874611854553223
2019-10-31,13.848546981811523
2019-11-01,13.961490631103516
2019-11-04,13.961490631103516
2019-11-05,14.074434280395508
2019-11-06,13.987555503845215
2019-11-07,13.970178604125977
2019-11-08,14.00493049621582
2019-11-11,13.961490631103516
2019-11-12,14.126562118530273
2019-11-13,14.074434280395508
2019-11-14,14.065746307373047
2019-11-15,14.013617515563965
2019-11-18,13.944113731384277
2019-11-19,13.891986846923828
2019-11-20,13.883298873901367
2019-11-21,13.935428619384766
2019-11-22,13.926739692687988
2019-11-25,14.057058334350586
2019-11-26,14.013617515563965
2019-11-27,13.970178604125977
2019-11-29,14.030994415283203
2019-12-02,13.970178604125977
2019-12-03,14.057058334350586
2019-12-04,14.022305488586426
2019-12-05,14.065746307373047
2019-12-06,14.126562118530273
2019-12-09,14.1873779296875
2019-12-10,14.300318717956543
2019-12-11,14.274256706237793
2019-12-12,14.413262367248535
2019-12-13,14.369824409484863
2019-12-16,14.621772766113281
2019-12-17,14.51751708984375
2019-12-18,14.491453170776367
2019-12-19,14.378510475158691
2019-12-20,14.439326286315918
2019-12-23,14.34843635559082
2019-12-24,14.41903018951416
2019-12-26,14.445505142211914
2019-12-27,14.577868461608887
2019-12-30,14.58669376373291
2019-12-31,14.613165855407715
2020-01-02,14.560220718383789
2020-01-03,14.392556190490723
2020-01-06,14.427854537963867
2020-01-07,14.463151931762695
2020-01-08,14.392556190490723
2020-01-09,14.427854537963867
2020-01-10,14.560220718383789
2020-01-13,14.471976280212402
2020-01-14,14.551395416259766
2020-01-15,14.58669376373291
2020-01-16,14.427854537963867
2020-01-17,14.560220718383789
2020-01-21,14.551395416259766
2020-01-22,14.516098976135254
2020-01-23,14.48080062866211
2020-01-24,14.321961402893066
2020-01-27,14.092528343200684
2020-01-28,14.119001388549805
2020-01-29,13.99545955657959
2020-01-30,13.889568328857422
2020-01-31,13.810147285461426
2020-02-03,13.783675193786621
2020-02-04,13.810147285461426
2020-02-05,13.81897258758545
2020-02-06,13.916041374206543
2020-02-07,13.977811813354492
2020-02-10,13.960163116455078
2020-02-11,13.960163116455078
2020-02-12,13.968986511230469
2020-02-13,14.039582252502441
2020-02-14,14.066054344177246
2020-02-18,14.171947479248047
2020-02-19,14.163122177124023
2020-02-20,14.07487964630127
2020-02-21,14.092528343200684
2020-02-24,13.810147285461426
2020-02-25,13.801323890686035
2020-02-26,13.739553451538086
2020-02-27,13.545416831970215
2020-02-28,13.457173347473145
2020-03-02,13.616012573242188
2020-03-03,13.704255104064941
2020-03-04,13.616012573242188
2020-03-05,13.43952465057373
2020-03-06,13.263036727905273
2020-03-09,13.03360366821289
2020-03-10,13.245388984680176
2020-03-11,13.09537410736084
2020-03-12,12.592385292053223
2020-03-13,12.574735641479492
2020-03-16,12.045272827148438
2020-03-17,12.02762508392334
2020-03-18,12.09821891784668
2020-03-19,12.2482328414917
2020-03-20,12.345300674438477
2020-03-23,12.654154777526855
2020-03-24,12.971832275390625
2020-03-25,12.954184532165527
2020-03-26,12.768871307373047
2020-03-27,12.468843460083008
2020-03-30,12.37177562713623
2020-03-31,12.41589641571045
2020-04-01,12.02762508392334
2020-04-02,12.001151084899902
2020-04-03,11.868785858154297
2020-04-06,12.02762508392334
2020-04-07,12.2482328414917
2020-04-08,12.29235553741455
2020-04-09,12.159989356994629
2020-04-13,11.983502388000488
2020-04-14,12.001151084899902
2020-04-15,11.939379692077637
2020-04-16,11.904083251953125
2020-04-17,12.045272827148438
2020-04-20,11.939379692077637
2020-04-21,11.824663162231445
2020-04-22,11.851137161254883
2020-04-23,11.96585464477539
2020-04-24,11.754068374633789
2020-04-27,11.67464828491211
2020-04-28,11.780542373657227
2020-04-29,11.798190116882324
2020-04-30,12.080570220947266
2020-05-01,12.11586856842041
2020-05-04,12.071746826171875
2020-05-05,12.054097175598145
2020-05-06,12.054097175598145
2020-05-07,12.221760749816895
2020-05-08,12.239409446716309
2020-05-11,12.133516311645508
2020-05-12,12.142341613769531
2020-05-13,11.957029342651367
2020-05-14,11.939379692077637
2020-05-15,11.939379692077637
2020-05-18,12.00997543334961
2020-05-19,12.00997543334961
2020-05-20,12.071746826171875
2020-05-21,11.974678039550781
2020-05-22,11.921732902526855
2020-05-26,12.133516311645508
2020-05-27,12.03644847869873
2020-05-28,12.062921524047852
2020-05-29,12.054097175598145
2020-06-01,12.062921524047852
2020-06-02,12.001151084899902
2020-06-03,12.071746826171875
2020-06-04,12.195286750793457
2020-06-05,12.221760749816895
2020-06-08,12.212936401367188
2020-06-09,12.221760749816895
2020-06-10,12.168814659118652
2020-06-11,12.001151084899902
2020-06-12,12.00997543334961
2020-06-15,11.939379692077637
2020-06-16,11.939379692077637
2020-06-17,11.939379692077637
2020-06-18,11.904083251953125
2020-06-19,11.904083251953125
2020-06-22,11.895257949829102
2020-06-23,11.912907600402832
2020-06-24,11.824663162231445
2020-06-25,11.842312812805176
2020-06-26,11.61287784576416
2020-06-29,11.780542373657227
2020-06-30,11.921732902526855
2020-07-01,12.071746826171875
2020-07-02,12.02762508392334
2020-07-06,11.96585464477539
2020-07-07,12.00997543334961
2020-07-08,12.054097175598145
2020-07-09,12.09821891784668
2020-07-10,11.96585464477539
2020-07-13,11.859960556030273
2020-07-14,11.815839767456055
2020-07-15,11.992326736450195
2020-07-16,12.054097175598145
2020-07-17,12.09821891784668
2020-07-20,12.00997543334961
2020-07-21,11.974678039550781
2020-07-22,12.177639961242676
2020-07-23,12.11586856842041
2020-07-24,12.133516311645508
2020-07-27,12.239409446716309
2020-07-28,12.168814659118652
2020-07-29,12.274706840515137
2020-07-30,12.318828582763672
2020-07-31,12.512965202331543
2020-08-03,12.495316505432129
2020-08-04,12.460018157958984
2020-08-05,12.512965202331543
2020-08-06,12.477667808532715
2020-08-07,12.345300674438477
2020-08-10,12.327653884887695
2020-08-11,12.29235553741455
2020-08-12,12.398247718811035
2020-08-13,12.601208686828613
2020-08-14,12.557085990905762
2020-08-17,12.645330429077148
2020-08-18,12.636506080627441
2020-08-19,12.689453125
2020-08-20,12.62768268585205
2020-08-21,12.61003303527832
2020-08-24,12.61003303527832
2020-08-25,12.795345306396484
2020-08-26,12.724750518798828
2020-08-27,12.883589744567871
2020-08-28,12.927709579467773
2020-08-31,13.00713062286377
2020-09-01,13.068901062011719
2020-09-02,13.051252365112305
2020-09-03,12.94536018371582
2020-09-04,13.01595401763916
2020-09-08,12.94536018371582
2020-09-09,12.901237487792969
2020-09-10,12.989481925964355
2020-09-11,13.113022804260254
2020-09-14,12.980656623840332
2020-09-15,13.01595401763916
2020-09-16,12.989481925964355
2020-09-17,13.139495849609375
2020-09-18,13.218914985656738
2020-09-21,12.989481925964355
2020-09-22,12.94536018371582
2020-09-23,12.901237487792969
2020-09-24,12.901237487792969
2020-09-25,12.910062789916992
2020-09-28,12.821818351745605
2020-09-29,12.830641746520996
2020-09-30,13.00713062286377
2020-10-01,12.927709579467773
2020-10-02,12.918886184692383
2020-10-05,12.980656623840332
2020-10-06,12.980656623840332
2020-10-07,13.165968894958496
2020-10-08,13.157144546508789
2020-10-09,13.201266288757324
2020-10-12,13.051252365112305
2020-10-13,13.068901062011719
2020-10-14,13.139495849609375
2020-10-15,13.121846199035645
2020-10-16,13.07772445678711
2020-10-19,13.130671501159668
2020-10-20,13.121846199035645
2020-10-21,13.130671501159668
2020-10-22,13.165968894958496
2020-10-23,13.18361759185791
2020-10-26,13.139495849609375
2020-10-27,13.051252365112305
2020-10-28,12.874764442443848
2020-10-29,12.830641746520996
2020-10-30,12.83946704864502
2020-11-02,12.848292350769043
2020-11-03,12.901237487792969
2020-11-04,12.954184532165527
2020-11-05,13.068901062011719
2020-11-06,13.130671501159668
2020-11-09,13.192441940307617
2020-11-10,13.342456817626953
2020-11-11,13.315982818603516
2020-11-12,13.245388984680176
2020-11-13,13.254212379455566
2020-11-16,13.43952465057373
2020-11-17,13.554241180419922
2020-11-18,13.642484664916992
2020-11-19,13.58953857421875
2020-11-20,13.58071517944336
2020-11-23,13.686607360839844
2020-11-24,13.739553451538086
2020-11-25,13.660133361816406
2020-11-27,13.81897258758545
2020-11-30,13.730730056762695
2020-12-01,13.58071517944336
2020-12-02,13.607187271118164
2020-12-03,13.571890830993652
2020-12-04,13.50129508972168
2020-12-07,13.492470741271973
2020-12-08,13.448348045349121
2020-12-09,13.474822998046875
2020-12-10,13.536592483520508
2020-12-11,13.660133361816406
2020-12-14,13.660133361816406
2020-12-15,13.686607360839844
2020-12-16,13.69543170928955
2020-12-17,13.774850845336914
2020-12-18,13.774850845336914
2020-12-21,13.836621284484863
2020-12-22,13.783675193786621
2020-12-23,13.92486572265625
2020-12-24,13.968986511230469
2020-12-28,13.916041374206543
2020-12-29,13.960163116455078
2020-12-30,14.10135269165039
2020-12-31,14.242542266845703
2021-01-04,14.216070175170898
2021-01-05,14.295489311218262
2021-01-06,14.233717918395996
2021-01-07,14.224894523620605
2021-01-08,14.242542266845703
2021-01-11,14.136651039123535
2021-01-12,14.357259750366211
2021-01-13,14.41020679473877
2021-01-14,14.569046020507812
2021-01-15,14.613165855407715
2021-01-19,14.577868461608887
2021-01-20,14.507275581359863
2021-01-21,14.533746719360352
2021-01-22,14.304312705993652
2021-01-25,14.41020679473877
2021-01-26,14.551395416259766
2021-01-27,14.49845027923584
2021-01-28,14.383731842041016
2021-01-29,14.463151931762695
2021-02-01,14.516098976135254
2021-02-02,14.542571067810059
2021-02-03,14.560220718383789
2021-02-04,14.613165855407715
2021-02-05,14.710234642028809
2021-02-08,14.780829429626465
2021-02-09,14.780829429626465
2021-02-10,14.666112899780273
2021-02-11,14.701410293579102
2021-02-12,14.727884292602539
2021-02-16,14.966140747070312
2021-02-17,14.904370307922363
2021-02-18,14.957319259643555
2021-02-19,15.045560836791992
2021-02-22,15.257347106933594
2021-02-23,15.32794189453125
2021-02-24,15.539726257324219
2021-02-25,15.486777305603027
2021-02-26,15.266168594360352
2021-03-01,15.169103622436523
2021-03-02,15.23969841003418
2021-03-03,15.15145492553711
2021-03-04,15.107332229614258
2021-03-05,15.177927017211914
2021-03-08,15.15145492553711
2021-03-09,15.22204875946045
2021-03-10,15.169103622436523
2021-03-11,15.274995803833008
2021-03-12,15.266168594360352
2021-03-15,15.23969841003418
2021-03-16,15.319117546081543
2021-03-17,15.274995803833008
2021-03-18,14.948492050170898
2021-03-19,14.930843353271484
2021-03-22,14.939668655395508
2021-03-23,14.904370307922363
2021-03-24,14.877898216247559
2021-03-25,14.833776473999023
2021-03-26,14.930843353271484
2021-03-29,14.851425170898438
2021-03-30,14.666112899780273
2021-03-31,14.948492050170898
2021-04-01,14.922019958496094
2021-04-05,14.930843353271484
2021-04-06,15.036735534667969
2021-04-07,15.116155624389648
2021-04-08,15.257347106933594
2021-04-09,15.23969841003418
2021-04-12,15.133804321289062
2021-04-13,15.257347106933594
2021-04-14,15.433833122253418
2021-04-15,15.469133377075195
2021-04-16,15.433833122253418
2021-04-19,15.486777305603027
2021-04-20,15.672090530395508
2021-04-21,15.74268627166748
2021-04-22,15.936821937561035
2021-04-23,16.069189071655273
2021-04-26,16.39569091796875
2021-04-27,16.39569091796875
2021-04-28,16.210378646850586
2021-04-29,16.139785766601562
2021-04-30,16.23685073852539
2021-05-03,16.18390464782715
2021-05-04,16.31627082824707
2021-05-05,16.69571876525879
2021-05-06,16.951623916625977
2021-05-07,17.057518005371094
2021-05-10,16.74866485595703
2021-05-11,16.978099822998047
2021-05-12,16.819259643554688
2021-05-13,16.3515682220459
2021-05-14,16.201555252075195
2021-05-17,16.228025436401367
2021-05-18,16.40451431274414
2021-05-19,16.245676040649414
2021-05-20,16.219200134277344
2021-05-21,16.228025436401367
2021-05-24,16.13096046447754
2021-05-25,16.05154037475586
2021-05-26,16.078012466430664
2021-05-27,16.39569091796875
2021-05-28,16.40451431274414
2021-06-01,16.66924476623535
2021-06-02,16.69571876525879
2021-06-03,16.475109100341797
2021-06-04,16.77513885498047
2021-06-07,16.766313552856445
2021-06-08,16.8369083404541
2021-06-09,16.792787551879883
2021-06-10,16.88985252380371
2021-06-11,16.801610946655273
2021-06-14,16.483932495117188
2021-06-15,16.342742919921875
2021-06-16,16.228025436401367
2021-06-17,15.601495742797852
2021-06-18,15.90152645111084
2021-06-21,15.945647239685059
2021-06-22,15.786808013916016
2021-06-23,15.795631408691406
2021-06-24,15.74268627166748
2021-06-25,15.733861923217773
2021-06-28,16.069189071655273
2021-06-29,16.007417678833008
2021-06-30,16.43981170654297
2021-07-01,16.298622131347656
2021-07-02,16.192731857299805
2021-07-06,15.733861923217773
2021-07-07,15.707388877868652
2021-07-08,15.592672348022461
2021-07-09,15.627968788146973
2021-07-12,15.89270305633545
2021-07-13,15.936821937561035
2021-07-14,16.113309860229492
2021-07-15,16.1662540435791
2021-07-16,16.210378646850586
2021-07-19,16.01624298095703
2021-07-20,16.289794921875
2021-07-21,16.53687858581543
2021-07-22,16.69571876525879
2021-07-23,16.616300582885742
2021-07-26,17.004573822021484
2021-07-27,16.907503128051758
2021-07-28,16.933979034423828
2021-07-29,16.872207641601562
2021-07-30,16.457462310791016
2021-08-02,16.483932495117188
2021-08-03,16.545703887939453
2021-08-04,16.466285705566406
2021-08-05,16.554529190063477
2021-08-06,16.66042137145996
2021-08-09,16.554529190063477
2021-08-10,16.801610946655273
2021-08-11,16.872207641601562
2021-08-12,17.013395309448242
2021-08-13,17.057518005371094
2021-08-16,17.128114700317383
2021-08-17,17.0222225189209
2021-08-18,17.031044006347656
2021-08-19,16.792787551879883
2021-08-20,16.625123977661133
2021-08-23,16.72219467163086
2021-08-24,16.898679733276367
2021-08-25,16.978099822998047
2021-08-26,16.916330337524414
2021-08-27,17.048694610595703
2021-08-30,17.11046600341797
2021-08-31,16.881031036376953
2021-09-01,16.819259643554688
2021-09-02,16.8369083404541
2021-09-03,16.82808494567871
2021-09-07,16.72219467163086
2021-09-08,16.616300582885742
2021-09-09,16.475109100341797
2021-09-10,16.40451431274414
2021-09-13,16.360393524169922
2021-09-14,16.38686752319336
2021-09-15,16.554529190063477
2021-09-16,16.545703887939453
2021-09-17,16.41333770751953
2021-09-20,16.254501342773438
2021-09-21,16.23685073852539
2021-09-22,16.38686752319336
2021-09-23,16.589824676513672
2021-09-24,16.589824676513672
2021-09-27,16.713367462158203
2021-09-28,16.766313552856445
2021-09-29,16.766313552856445
2021-09-30,16.872207641601562
2021-10-01,17.119287490844727
2021-10-04,17.08399200439453
2021-10-05,16.978099822998047
2021-10-06,16.951623916625977
2021-10-07,17.08399200439453
2021-10-08,17.128114700317383
2021-10-11,17.075166702270508
2021-10-12,17.075166702270508
2021-10-13,16.810436248779297
2021-10-14,16.872207641601562
2021-10-15,16.94280242919922
2021-10-18,16.916330337524414
2021-10-19,16.872207641601562
2021-10-20,16.925151824951172
2021-10-21,16.757490158081055
2021-10-22,16.74866485595703
2021-10-25,16.88985252380371
2021-10-26,16.986923217773438
2021-10-27,16.951623916625977
2021-10-28,17.031044006347656
2021-10-29,17.0222225189209
2021-11-01,17.225181579589844
2021-11-02,17.16341209411621
2021-11-03,17.145763397216797
2021-11-04,17.092817306518555
2021-11-05,17.004573822021484
2021-11-08,16.96044921875
2021-11-09,17.08399200439453
2021-11-10,17.198707580566406
2021-11-11,17.295778274536133
2021-11-12,17.428144454956055
2021-11-15,17.525209426879883
2021-11-16,17.53403663635254
2021-11-17,17.745820999145508
2021-11-18,17.666400909423828
2021-11-19,17.710521697998047
2021-11-22,17.789941787719727
2021-11-23,17.92230796813965
2021-11-24,17.878185272216797
2021-11-26,17.622278213500977
2021-11-29,17.4193172454834
2021-11-30,17.08399200439453
2021-12-01,17.057518005371094
2021-12-02,17.348722457885742
2021-12-03,17.4193172454834
2021-12-06,17.47226333618164
2021-12-07,17.454614639282227
2021-12-08,17.46343994140625
2021-12-09,17.36637306213379
2021-12-10,17.401668548583984
2021-12-13,17.445791244506836
2021-12-14,17.445791244506836
2021-12-15,17.36637306213379
2021-12-16,17.4193172454834
2021-12-17,17.278127670288086
2021-12-20,17.075166702270508
2021-12-21,17.357547760009766
2021-12-22,17.560508728027344
2021-12-23,17.58698081970215
2021-12-27,17.604631423950195
2021-12-28,17.445791244506836
2021-12-29,17.613454818725586
2021-12-30,17.489913940429688
2021-12-31,17.428144454956055
2022-01-03,17.357547760009766
2022-01-04,17.47226333618164
2022-01-05,17.37519645690918
2022-01-06,17.357547760009766
2022-01-07,17.50756072998047
2022-01-10,17.36637306213379
2022-01-11,17.47226333618164
2022-01-12,17.481088638305664
2022-01-13,17.38401985168457
2022-01-14,17.595806121826172
2022-01-18,17.613454818725586
2022-01-19,17.913482666015625
2022-01-20,17.878185272216797
2022-01-21,17.781116485595703
2022-01-24,17.7546443939209
2022-01-25,17.825239181518555
2022-01-26,17.79876708984375
2022-01-27,17.595806121826172
2022-01-28,17.80759048461914
2022-01-31,17.816415786743164
2022-02-01,18.06349754333496
2022-02-02,18.019376754760742
2022-02-03,18.04585075378418
2022-02-04,18.169391632080078
2022-02-07,18.248807907104492
2022-02-08,18.381175994873047
2022-02-09,18.690027236938477
2022-02-10,18.557662963867188
2022-02-11,18.61943244934082
2022-02-14,18.548837661743164
2022-02-15,18.478242874145508
2022-02-16,18.531190872192383
2022-02-17,18.59296226501465
2022-02-18,18.566486358642578
2022-02-22,18.87533950805664
2022-02-23,18.88416290283203
2022-02-24,18.787097930908203
2022-02-25,18.25763511657715
2022-02-28,18.46942138671875
2022-03-01,18.919462203979492
2022-03-02,18.9106388092041
2022-03-03,19.33420753479004
2022-03-04,19.272438049316406
2022-03-07,19.616588592529297
2022-03-08,19.590112686157227
2022-03-09,19.290084838867188
2022-03-10,19.210668563842773
2022-03-11,19.272438049316406
2022-03-14,19.237138748168945
2022-03-15,19.16654396057129
2022-03-16,18.85769271850586
2022-03-17,19.07830047607422
2022-03-18,19.087125778198242
2022-03-21,19.4930477142334
2022-03-22,19.528343200683594
2022-03-23,19.616588592529297
2022-03-24,19.484222412109375
2022-03-25,19.634239196777344
2022-03-28,19.34303092956543
2022-03-29,19.193017959594727
2022-03-30,19.431276321411133
2022-03-31,19.3077335357666
2022-04-01,19.184192657470703
2022-04-04,19.316558837890625
2022-04-05,19.38715362548828
2022-04-06,19.37833023071289
2022-04-07,19.422452926635742
2022-04-08,19.72248077392578
2022-04-11,19.88132095336914
2022-04-12,20.040157318115234
2022-04-13,20.013683319091797
2022-04-14,19.916616439819336
2022-04-18,20.154874801635742
2022-04-19,19.960739135742188
2022-04-20,19.987211227416992
2022-04-21,19.951913833618164
2022-04-22,19.704832077026367
2022-04-25,19.545991897583008
2022-04-26,19.59893798828125
2022-04-27,19.59893798828125
2022-04-28,19.687183380126953
2022-04-29,19.47539710998535
2022-05-02,19.404802322387695
2022-05-03,19.298912048339844
2022-05-04,19.47539710998535
2022-05-05,19.510696411132812
2022-05-06,19.272438049316406
2022-05-09,18.8223934173584
2022-05-10,18.95475959777832
2022-05-11,19.298912048339844
2022-05-12,19.38715362548828
2022-05-13,19.572467803955078
2022-05-16,20.154874801635742
2022-05-17,20.260765075683594
2022-05-18,19.766603469848633
2022-05-19,19.75777816772461
2022-05-20,19.625411987304688
2022-05-23,19.801898956298828
2022-05-24,19.563642501831055
2022-05-25,19.466571807861328
2022-05-26,19.660709381103516
2022-05-27,19.784250259399414
2022-05-31,19.404802322387695
2022-06-01,19.38715362548828
2022-06-02,19.484222412109375
2022-06-03,19.298912048339844
2022-06-06,19.55481719970703
2022-06-07,19.510696411132812
2022-06-08,19.572467803955078
2022-06-09,19.572467803955078
2022-06-10,19.422452926635742
2022-06-13,19.201841354370117
2022-06-14,19.148897171020508
2022-06-15,19.157718658447266
2022-06-16,19.351856231689453
2022-06-17,19.237138748168945
2022-06-21,19.025354385375977
2022-06-22,18.79591941833496
2022-06-23,18.23116111755371
2022-06-24,18.292930603027344
2022-06-27,18.07232093811035
2022-06-28,18.15174102783203
2022-06-29,18.26645851135254
2022-06-30,17.98407745361328
2022-07-01,17.631101608276367
2022-07-05,17.25165367126465
2022-07-06,17.331071853637695
2022-07-07,17.657577514648438
2022-07-08,17.98407745361328
2022-07-11,17.869361877441406
2022-07-12,17.37519645690918
2022-07-13,17.436967849731445
2022-07-14,17.225181579589844
2022-07-15,17.33989906311035
2022-07-18,17.710521697998047
2022-07-19,17.604631423950195
2022-07-20,17.604631423950195
2022-07-21,17.295778274536133
2022-07-22,17.031044006347656
2022-07-25,17.26047706604004
2022-07-26,17.47226333618164
2022-07-27,17.595806121826172
2022-07-28,17.763469696044922
2022-07-29,17.816415786743164
2022-08-01,17.613454818725586
2022-08-02,17.36637306213379
2022-08-03,17.436967849731445
2022-08-04,17.701696395874023
2022-08-05,17.622278213500977
2022-08-08,17.719345092773438
2022-08-09,17.789941787719727
2022-08-10,18.028200149536133
2022-08-11,18.195863723754883
2022-08-12,18.23116111755371
2022-08-15,18.107620239257812
2022-08-16,17.834062576293945
2022-08-17,17.834062576293945
2022-08-18,17.569332122802734
2022-08-19,17.736995697021484
2022-08-22,17.878185272216797
2022-08-23,18.134092330932617
2022-08-24,18.204687118530273
2022-08-25,18.089969635009766
2022-08-26,18.31940460205078
2022-08-29,18.34587860107422
2022-08-30,18.26645851135254
2022-08-31,18.204687118530273
2022-09-01,17.92230796813965
2022-09-02,17.98407745361328
2022-09-06,18.028200149536133
2022-09-07,17.913482666015625
2022-09-08,17.904659271240234
2022-09-09,18.2399845123291
2022-09-12,18.363525390625
2022-09-13,18.248807907104492
2022-09-14,18.134092330932617
2022-09-15,18.125268936157227
2022-09-16,18.107620239257812
2022-09-19,18.107620239257812
2022-09-20,18.34587860107422
2022-09-21,18.222335815429688
2022-09-22,18.23116111755371
2022-09-23,17.878185272216797
2022-09-26,17.58698081970215
2022-09-27,17.622278213500977
2022-09-28,17.77229118347168
2022-09-29,17.781116485595703
2022-09-30,17.666400909423828
2022-10-03,17.701696395874023
2022-10-04,17.7546443939209
2022-10-05,17.860536575317383
2022-10-06,17.781116485595703
2022-10-07,17.80759048461914
2022-10-10,18.019376754760742
2022-10-11,17.948780059814453
2022-10-12,17.80759048461914
2022-10-13,17.80759048461914
2022-10-14,17.701696395874023
2022-10-17,17.701696395874023
2022-10-18,17.67522621154785
2022-10-19,17.63992691040039
2022-10-20,17.64875030517578
2022-10-21,17.692873001098633
2022-10-24,17.631101608276367
2022-10-25,17.578155517578125
2022-10-26,17.50756072998047
2022-10-27,17.401668548583984
2022-10-28,17.313425064086914
2022-10-31,17.49873924255371
2022-11-01,17.692873001098633
2022-11-02,17.595806121826172
2022-11-03,17.50756072998047
2022-11-04,17.728172302246094
2022-11-07,17.789941787719727
2022-11-08,17.701696395874023
2022-11-09,17.622278213500977
2022-11-10,17.67522621154785
2022-11-11,17.719345092773438
2022-11-14,17.710521697998047
2022-11-15,17.763469696044922
2022-11-16,17.701696395874023
2022-11-17,17.542858123779297
2022-11-18,17.551685333251953
2022-11-21,17.58698081970215
2022-11-22,17.613454818725586
2022-11-23,17.542858123779297
2022-11-25,17.53403663635254
2022-11-28,17.436967849731445
2022-11-29,17.489913940429688
2022-11-30,17.692873001098633
2022-12-01,17.578155517578125
2022-12-02,17.525209426879883
2022-12-05,17.445791244506836
2022-12-06,17.322248458862305
2022-12-07,17.33989906311035
2022-12-08,17.348722457885742
2022-12-09,17.26047706604004
2022-12-12,17.410493850708008
2022-12-13,17.516386032104492
2022-12-14,17.49873924255371
2022-12-15,17.489913940429688
2022-12-16,17.436967849731445
2022-12-19,17.44228744506836
2022-12-20,17.575300216674805
2022-12-21,17.770383834838867
2022-12-22,17.814722061157227
2022-12-23,17.912261962890625
2022-12-27,17.832456588745117
2022-12-28,17.956600189208984
2022-12-29,17.8679256439209
2022-12-30,17.8679256439209
2023-01-03,17.672842025756836
2023-01-04,17.46002197265625
2023-01-05,17.41568374633789
2023-01-06,17.344743728637695
2023-01-09,17.406818389892578
2023-01-10,17.220600128173828
2023-01-11,17.1762638092041
2023-01-12,17.291542053222656
2023-01-13,17.318143844604492
2023-01-17,17.38021469116211
2023-01-18,17.264938354492188
2023-01-19,17.167396545410156
2023-01-20,17.211732864379883
2023-01-23,17.185129165649414
2023-01-24,17.30040740966797
2023-01-25,17.344743728637695
2023-01-26,17.58416748046875
2023-01-27,17.61963653564453
2023-01-30,17.717178344726562
2023-01-31,17.938865661621094
2023-02-01,17.814722061157227
2023-02-02,17.885662078857422
2023-02-03,17.788116455078125
2023-02-06,17.7437801361084
2023-02-07,17.788116455078125
2023-02-08,17.841323852539062
2023-02-09,17.72604751586914
2023-02-10,17.894527435302734
2023-02-13,18.00093650817871
2023-02-14,18.1428165435791
2023-02-15,17.9920711517334
2023-02-16,18.071874618530273
2023-02-17,18.160551071166992
2023-02-21,18.337900161743164
2023-02-22,18.249225616455078
2023-02-23,18.231489181518555
2023-02-24,17.96546745300293
2023-02-27,17.947731018066406
2023-02-28,17.90339469909668
2023-03-01,18.018672943115234
2023-03-02,17.912261962890625
2023-03-03,18.018672943115234
2023-03-06,17.956600189208984
2023-03-07,17.929996490478516
2023-03-08,17.796985626220703
2023-03-09,17.69057846069336
2023-03-10,17.761516571044922
2023-03-13,17.672842025756836
2023-03-14,17.672842025756836
2023-03-15,17.47775650024414
2023-03-16,17.60190200805664
2023-03-17,17.58416748046875
2023-03-20,17.575300216674805
2023-03-21,17.593034744262695
2023-03-22,17.530963897705078
2023-03-23,17.433420181274414
2023-03-24,17.69944190979004
2023-03-27,17.8679256439209
2023-03-28,17.947731018066406
2023-03-29,17.841323852539062
2023-03-30,18.00980567932129
2023-03-31,18.116214752197266
2023-04-03,18.13395118713379
2023-04-04,18.04527473449707
2023-04-05,18.13395118713379
2023-04-06,18.311298370361328
2023-04-10,18.355634689331055
2023-04-11,18.479780197143555
2023-04-12,18.417709350585938
2023-04-13,18.506383895874023
2023-04-14,18.541852951049805
2023-04-17,18.799007415771484
2023-04-18,18.88768196105957
2023-04-19,18.719202041625977
2023-04-20,18.692598342895508
2023-04-21,18.56845474243164
2023-04-24,18.674861907958984
2023-04-25,18.61279296875
2023-04-26,18.639392852783203
2023-04-27,18.603923797607422
2023-04-28,18.57732391357422
2023-05-01,18.382238388061523
2023-05-02,18.213756561279297
2023-05-03,18.26696014404297
2023-05-04,18.355634689331055
2023-05-05,18.64826202392578
2023-05-08,18.541852951049805
2023-05-09,18.58618927001953
2023-05-10,18.64826202392578
2023-05-11,18.42657470703125
2023-05-12,18.47091293334961
2023-05-15,18.701467514038086
2023-05-16,18.56845474243164
2023-05-17,18.42657470703125
2023-05-18,18.355634689331055
2023-05-19,18.42657470703125
2023-05-22,18.40884017944336
2023-05-23,18.391103744506836
2023-05-24,18.293563842773438
2023-05-25,18.089611053466797
2023-05-26,18.240358352661133
2023-05-30,18.12508201599121
2023-05-31,18.1428165435791
2023-06-01,18.40884017944336
2023-06-02,18.515247344970703
2023-06-05,18.4886474609375
2023-06-06,18.639392852783203
2023-06-07,18.52411651611328
2023-06-08,18.834476470947266
2023-06-09,18.790142059326172
2023-06-12,18.834476470947266
2023-06-13,18.88768196105957
2023-06-14,18.91428565979004
2023-06-15,19.242380142211914
2023-06-16,19.49953842163086
2023-06-20,19.419729232788086
2023-06-21,19.623682022094727
2023-06-22,19.464069366455078
2023-06-23,19.09163475036621
2023-06-26,19.07390022277832
2023-06-27,18.878816604614258
2023-06-28,18.665996551513672
2023-06-29,18.559587478637695
2023-06-30,18.683731079101562
2023-07-03,18.89655113220215
2023-07-05,18.834476470947266
2023-07-06,18.816741943359375
2023-07-07,18.763538360595703
2023-07-10,18.781272888183594
2023-07-11,18.96748924255371
2023-07-12,18.80787467956543
2023-07-13,18.93202018737793
2023-07-14,19.144840240478516
2023-07-17,19.01182746887207
2023-07-18,19.277851104736328
2023-07-19,19.508405685424805
2023-07-20,19.55274200439453
2023-07-21,19.517274856567383
2023-07-24,19.81876564025879
2023-07-25,19.827632904052734
2023-07-26,19.783296585083008
2023-07-27,19.605947494506836
2023-07-28,19.49953842163086
2023-07-31,19.446332931518555
2023-08-01,19.47293472290039
2023-08-02,19.322189331054688
2023-08-03,19.17144203186035
2023-08-04,19.189176559448242
2023-08-07,19.144840240478516
2023-08-08,19.002960205078125
2023-08-09,18.96748924255371
2023-08-10,18.985225677490234
2023-08-11,18.985225677490234
2023-08-14,18.843345642089844
2023-08-15,18.692598342895508
2023-08-16,18.790142059326172
2023-08-17,18.781272888183594
2023-08-18,18.93202018737793
2023-08-21,18.878816604614258
2023-08-22,18.763538360595703
2023-08-23,18.958620071411133
2023-08-24,19.118234634399414
2023-08-25,19.17144203186035
2023-08-28,19.3576602935791
2023-08-29,19.3310546875
2023-08-30,19.37539291381836
2023-08-31,19.277851104736328
2023-09-01,19.313322067260742
2023-09-05,19.43746566772461
2023-09-06,19.4552001953125
2023-09-07,19.419729232788086
2023-09-08,19.37539291381836
2023-09-11,19.517274856567383
2023-09-12,19.543874740600586
2023-09-13,19.605947494506836
2023-09-14,19.69462013244629
2023-09-15,19.809898376464844
2023-09-18,19.668020248413086
2023-09-19,19.747827529907227
2023-09-20,19.69462013244629
2023-09-21,19.419729232788086
2023-09-22,19.384260177612305
2023-09-25,19.286718368530273
2023-09-26,19.21578025817871
2023-09-27,19.162574768066406
2023-09-28,19.3310546875
2023-09-29,18.985225677490234
2023-10-02,19.135971069335938
2023-10-03,18.949756622314453
2023-10-04,18.905418395996094
2023-10-05,19.01182746887207
2023-10-06,19.135971069335938
2023-10-09,19.127103805541992
2023-10-10,19.1093692779541
2023-10-11,18.985225677490234
2023-10-12,19.162574768066406
2023-10-13,19.25124740600586
2023-10-16,19.268983840942383
2023-10-17,19.384260177612305
2023-10-18,19.43746566772461
2023-10-19,19.481801986694336
2023-10-20,19.43746566772461
2023-10-23,19.446332931518555
2023-10-24,19.428598403930664
2023-10-25,19.339923858642578
2023-10-26,19.37539291381836
2023-10-27,19.55274200439453
2023-10-30,19.419729232788086
2023-10-31,19.517274856567383
2023-11-01,19.49066925048828
2023-11-02,19.721223831176758
2023-11-03,19.863101959228516
2023-11-06,19.91630744934082
2023-11-07,19.650283813476562
2023-11-08,19.73895835876465
2023-11-09,19.623682022094727
2023-11-10,19.543874740600586
2023-11-13,19.827632904052734
2023-11-14,19.730091094970703
2023-11-15,19.765562057495117
2023-11-16,19.61481475830078
2023-11-17,19.579343795776367
2023-11-20,19.632549285888672
2023-11-21,19.668020248413086
2023-11-22,19.570476531982422
2023-11-24,19.277851104736328
2023-11-27,19.144840240478516
2023-11-28,19.4552001953125
2023-11-29,19.579343795776367
2023-11-30,19.756694793701172
2023-12-01,19.526138305664062
2023-12-04,19.49066925048828
2023-12-05,19.517274856567383
2023-12-06,19.1093692779541
2023-12-07,19.224647521972656
2023-12-08,19.348791122436523
2023-12-11,19.25124740600586
2023-12-12,19.37539291381836
2023-12-13,19.260114669799805
2023-12-14,19.419729232788086
2023-12-15,19.47293472290039
2023-12-18,19.491479873657227
2023-12-19,19.537845611572266
2023-12-20,19.30602264404297
2023-12-21,19.278207778930664
2023-12-22,19.370933532714844
2023-12-26,19.454387664794922
2023-12-27,19.47293472290039
2023-12-28,19.519298553466797
2023-12-29,19.231840133666992
2024-01-02,19.18547821044922
2024-01-03,19.092750549316406
2024-01-04,19.213294982910156
2024-01-05,19.08347511291504
2024-01-08,19.018566131591797
2024-01-09,19.148386001586914
2024-01-10,19.111295700073242
2024-01-11,19.213294982910156
2024-01-12,19.111295700073242
2024-01-16,19.25038719177246
2024-01-17,19.111295700073242
2024-01-18,19.333843231201172
2024-01-19,19.482208251953125
2024-01-22,19.565662384033203
2024-01-23,19.788209915161133
2024-01-24,19.936574935913086
2024-01-25,19.843847274780273
2024-01-26,19.890213012695312
2024-01-29,19.7974853515625
2024-01-30,20.094215393066406
2024-01-31,20.0571231842041
2024-02-01,20.112760543823242
2024-02-02,20.122032165527344
2024-02-05,20.131305694580078
2024-02-06,20.18694305419922
2024-02-07,20.261125564575195
2024-02-08,20.455854415893555
2024-02-09,20.53003692626953
2024-02-12,20.44658088684082
2024-02-13,20.390945434570312
2024-02-14,20.298215866088867
2024-02-15,20.214759826660156
2024-02-16,20.112760543823242
2024-02-20,20.400217056274414
2024-02-21,20.539310455322266
2024-02-22,20.483673095703125
2024-02-23,20.548582077026367
2024-02-26,20.75258445739746
2024-02-27,20.8082218170166
2024-02-28,20.5578556060791
2024-02-29,20.567129135131836
2024-03-01,20.585674285888672
2024-03-04,20.817495346069336
2024-03-05,20.57640266418457
2024-03-06,20.724767684936523
2024-03-07,20.817495346069336
2024-03-08,20.7989501953125
2024-03-11,21.086406707763672
2024-03-12,21.327499389648438
2024-03-13,21.290407180786133
2024-03-14,21.41095542907715
2024-03-15,21.874597549438477
2024-03-18,21.995141983032227
2024-03-19,21.837505340576172
2024-03-20,22.060054779052734
2024-03-21,22.180599212646484
2024-03-22,22.328964233398438
2024-03-25,22.848243713378906
2024-03-26,22.736968994140625
2024-03-27,22.876062393188477
2024-03-28,22.959518432617188
2024-04-01,23.24697494506836
2024-04-02,22.959518432617188
2024-04-03,22.903881072998047
2024-04-04,22.99660873413086
2024-04-05,23.256248474121094
2024-04-08,23.070791244506836
2024-04-09,23.219158172607422
2024-04-10,23.423158645629883
2024-04-11,23.367523193359375
2024-04-12,23.58079719543457
2024-04-15,23.794071197509766
2024-04-16,23.24697494506836
2024-04-17,23.562252044677734
2024-04-18,24.0444393157959
2024-04-19,24.582263946533203
2024-04-22,24.285533905029297
2024-04-23,24.062984466552734
2024-04-24,24.61008071899414
2024-04-25,24.266986846923828
2024-04-26,24.146440505981445
2024-04-29,23.27479362487793
2024-04-30,22.848243713378906
2024-05-01,22.106416702270508
2024-05-02,21.744779586791992
2024-05-03,22.226964950561523
2024-05-06,22.05078125
2024-05-07,22.71842384338379
2024-05-08,22.653514862060547
2024-05-09,22.625694274902344
2024-05-10,22.876062393188477
2024-05-13,21.763322830200195
2024-05-14,21.976598739624023
2024-05-15,22.124963760375977
2024-05-16,21.791141510009766
2024-05-17,21.781869888305664
2024-05-20,22.013689041137695
2024-05-21,22.264057159423828
2024-05-22,22.35678482055664
2024-05-23,22.838970184326172
2024-05-24,22.876062393188477
2024-05-28,23.376794815063477
2024-05-29,23.608613967895508
2024-05-30,23.478796005249023
2024-05-31,23.3026123046875
2024-06-03,23.404613494873047
2024-06-04,23.348976135253906
2024-06-05,23.386066436767578
2024-06-06,23.673526763916016
2024-06-07,23.525161743164062
2024-06-10,23.08006477355957
2024-06-11,23.432432174682617
2024-06-12,23.877527236938477
2024-06-13,23.970256805419922
2024-06-14,23.747709274291992
2024-06-17,23.404613494873047
2024-06-18,23.450979232788086
2024-06-20,23.015153884887695
2024-06-21,22.8018798828125
2024-06-24,22.49587631225586
2024-06-25,22.217689514160156
2024-06-26,22.171327590942383
2024-06-27,21.92095947265625
2024-06-28,22.069324493408203
2024-07-01,21.902416229248047
2024-07-02,22.226964950561523
2024-07-03,22.282602310180664
2024-07-05,22.430967330932617
2024-07-08,22.264057159423828
2024-07-09,22.588603973388672
2024-07-10,22.3104190826416
2024-07-11,22.709152221679688
2024-07-12,22.607149124145508
2024-07-15,22.47732925415039
2024-07-16,22.16205406188965
2024-07-17,22.16205406188965
2024-07-18,22.208419799804688
2024-07-19,21.92095947265625
2024-07-22,22.505149841308594
2024-07-23,22.505149841308594
2024-07-24,22.338239669799805
2024-07-25,22.18987464904785
2024-07-26,22.16205406188965
2024-07-29,21.91168785095215
2024-07-30,22.097145080566406
2024-07-31,22.013689041137695
2024-08-01,21.568593978881836
2024-08-02,21.596412658691406
2024-08-05,21.82823371887207
2024-08-06,21.995141983032227
2024-08-07,22.319692611694336
2024-08-08,22.05078125
2024-08-09,22.449512481689453
2024-08-12,22.236236572265625
2024-08-13,22.02296257019043
2024-08-14,22.03223419189453
2024-08-15,22.013689041137695
2024-08-16,22.115692138671875
2024-08-19,22.514421463012695
2024-08-20,22.681331634521484
2024-08-21,22.69060516357422
2024-08-22,22.69987678527832
2024-08-23,22.88533592224121
2024-08-26,23.154247283935547
2024-08-27,23.200611114501953
2024-08-28,23.117156982421875
2024-08-29,23.061519622802734
2024-08-30,23.070791244506836
2024-09-03,22.88533592224121
2024-09-04,22.542240142822266
2024-09-05,22.709152221679688
2024-09-06,22.458784103393555
2024-09-09,22.85751724243164
2024-09-10,22.709152221679688
2024-09-11,23.200611114501953
2024-09-12,23.13570213317871
2024-09-13,23.35824966430664
2024-09-16,23.49734115600586
2024-09-17,23.617887496948242
2024-09-18,23.77552604675293
2024-09-19,23.766252517700195
2024-09-20,23.608613967895508
2024-09-23,24.062984466552734
2024-09-24,24.239166259765625
2024-09-25,24.406078338623047
2024-09-26,24.517353057861328
2024-09-27,24.619354248046875
2024-09-30,24.19280433654785
2024-10-01,23.654979705810547
2024-10-02,23.673526763916016
2024-10-03,23.69207000732422
2024-10-04,23.543704986572266
2024-10-07,23.35824966430664
2024-10-08,23.49734115600586
2024-10-09,23.710617065429688
2024-10-10,23.88680076599121
2024-10-11,24.072256088256836
2024-10-14,23.933164596557617
2024-10-15,24.100074768066406
2024-10-16,23.85898208618164
2024-10-17,23.8033447265625
2024-10-18,23.552978515625
2024-10-21,23.515888214111328
2024-10-22,23.423158645629883
2024-10-23,23.367523193359375
2024-10-24,23.005882263183594
2024-10-25,23.033700942993164
2024-10-28,23.219158172607422
2024-10-29,23.488069534301758
2024-10-30,23.673526763916016
2024-10-31,23.645706176757812
2024-11-01,23.478796005249023
2024-11-04,23.49734115600586
2024-11-05,23.49734115600586
2024-11-06,23.321157455444336
2024-11-07,23.840435028076172
2024-11-08,23.617887496948242
2024-11-11,23.53443145751953
2024-11-12,23.729162216186523
2024-11-13,23.8033447265625
2024-11-14,24.007347106933594
2024-11-15,24.10934829711914
2024-11-18,24.183530807495117
2024-11-19,24.3133487701416
2024-11-20,24.44317054748535
2024-11-21,24.396806716918945
2024-11-22,24.582263946533203
2024-11-25,24.60080909729004
2024-11-26,24.82335662841797
2024-11-27,24.934629440307617
2024-11-29,24.814083099365234
2024-12-02,24.628625869750977
2024-12-03,24.517353057861328
2024-12-04,24.619354248046875
2024-12-05,25.036630630493164
2024-12-06,25.268451690673828
2024-12-09,25.370452880859375
2024-12-10,25.57445526123047
2024-12-11,25.490999221801758
2024-12-12,25.463180541992188
2024-12-13,25.630090713500977
2024-12-16,25.741365432739258
2024-12-17,25.69500160217285
2024-12-18,25.806276321411133
2024-12-19,25.342634201049805
2024-12-20,25.593000411987305
2024-12-23,25.471385955810547
2024-12-24,25.60651397705078
2024-12-26,25.336259841918945
2024-12-27,24.950183868408203
2024-12-30,25.35556411743164
2024-12-31,25.664424896240234
2025-01-02,25.69338035583496
2025-01-03,25.56790542602539
2025-01-06,25.509994506835938
2025-01-07,25.577556610107422
2025-01-08,25.44243049621582
2025-01-10,25.529298782348633
2025-01-13,25.81885528564453
2025-01-14,25.73198699951172
2025-01-15,25.799551010131836
2025-01-16,25.423126220703125
2025-01-17,25.674076080322266
2025-01-21,25.98293685913086
2025-01-22,26.272493362426758
2025-01-23,26.31110191345215
2025-01-24,26.407621383666992
2025-01-27,26.3690128326416
2025-01-28,26.600658416748047
2025-01-29,26.94812774658203
2025-01-30,26.755088806152344
2025-01-31,26.639266967773438
2025-02-03,26.677873611450195
2025-02-04,26.764741897583008
2025-02-05,26.899869918823242
2025-02-06,26.716482162475586
2025-02-07,26.61031150817871
2025-02-10,26.919172286987305
2025-02-11,26.919172286987305
2025-02-12,26.996387481689453
2025-02-13,27.208730697631836
2025-02-14,27.18942642211914
2025-02-18,27.392114639282227
2025-02-19,27.23768424987793
2025-02-20,26.94812774658203
2025-02-21,26.591007232666016
2025-02-24,26.089109420776367
2025-02-25,26.11806297302246
2025-02-26,26.175975799560547
2025-02-27,25.876766204833984
2025-02-28,25.56790542602539
2025-03-03,25.143220901489258
2025-03-04,25.278348922729492
2025-03-05,25.471385955810547
2025-03-06,25.374868392944336
2025-03-07,25.577556610107422
2025-03-10,25.703031539916992
2025-03-11,25.712682723999023
2025-03-12,25.65477180480957
2025-03-13,25.69338035583496
2025-03-14,25.53894805908203
2025-03-17,25.925025939941406
2025-03-18,25.925025939941406
2025-03-19,25.915374755859375
2025-03-20,25.963632583618164
2025-03-21,25.809202194213867
2025-03-24,25.751291275024414
2025-03-25,25.838159561157227
2025-03-26,25.64512062072754
2025-03-27,25.509994506835938
2025-03-28,25.548601150512695
2025-03-31,25.423126220703125
2025-04-01,25.992589950561523
2025-04-02,26.23388671875
2025-04-03,26.040847778320312
2025-04-04,25.230087280273438
2025-04-07,24.583410263061523
2025-04-08,24.39037322998047
2025-04-09,25.11426544189453
2025-04-10,24.86331558227539
2025-04-11,25.3941707611084
2025-04-14,25.365215301513672
2025-04-15,25.230087280273438
2025-04-16,25.596860885620117
2025-04-17,25.722335815429688
2025-04-21,25.703031539916992
2025-04-22,26.040847778320312
2025-04-23,26.03119659423828
2025-04-24,26.301450729370117
2025-04-25,26.5234432220459
2025-04-28,26.340059280395508
2025-04-29,26.040847778320312
2025-04-30,25.876766204833984
2025-05-01,25.69338035583496
2025-05-02,25.925025939941406
2025-05-05,25.78024673461914
2025-05-06,25.94432830810547
2025-05-07,25.93467903137207
2025-05-08,25.973285675048828
2025-05-09,26.079456329345703
2025-05-12,26.050500869750977
2025-05-13,26.426923751831055
2025-05-14,26.282146453857422
2025-05-15,26.44622802734375
2025-05-16,26.388317108154297
2025-05-19,26.619962692260742
2025-05-20,26.68752670288086
2025-05-21,26.716482162475586
2025-05-22,26.44622802734375
2025-05-23,26.19527816772461
2025-05-27,26.069805145263672
2025-05-28,25.789897918701172
2025-05-29,25.64512062072754
2025-05-30,25.77059555053711
2025-06-02,25.703031539916992
2025-06-03,25.77059555053711
2025-06-04,25.963632583618164
2025-06-05,26.31110191345215
2025-06-06,26.5234432220459
2025-06-09,26.43657684326172
2025-06-10,26.127716064453125
2025-06-11,26.10841178894043
2025-06-12,26.069805145263672
2025-06-13,26.021543502807617
2025-06-16,26.22423553466797
2025-06-17,25.953981399536133
2025-06-18,25.847810745239258
2025-06-20,25.490690231323242
2025-06-23,25.558252334594727
2025-06-24,25.374868392944336
2025-06-25,25.172176361083984
2025-06-26,25.230087280273438
2025-06-27,25.413475036621094
2025-06-30,25.2397403717041
2025-07-01,24.757144927978516
2025-07-02,24.9694881439209
2025-07-03,24.98879051208496
2025-07-07,24.81505584716797
2025-07-08,24.844011306762695
2025-07-09,25.02739906311035
2025-07-10,24.872968673706055
2025-07-11,24.872968673706055
2025-07-14,24.979137420654297
2025-07-15,24.72818946838379
2025-07-16,24.979137420654297
2025-07-17,24.882619857788086
2025-07-18,25.123918533325195
2025-07-21,24.998441696166992
2025-07-22,25.06600570678711
2025-07-23,25.288000106811523
2025-07-24,25.288000106811523
2025-07-25,25.172176361083984
2025-07-28,25.31695556640625
2025-07-29,25.1046142578125
2025-07-30,25.056352615356445
2025-07-31,24.998441696166992
2025-08-01,24.77644920349121
2025-08-04,24.834360122680664
2025-08-05,25.017745971679688
2025-08-06,25.085309982299805
2025-08-07,25.336259841918945
2025-08-08,25.297651290893555
2025-08-11,25.703031539916992
2025-08-12,25.876766204833984
2025-08-13,25.963632583618164
2025-08-14,25.674076080322266
2025-08-15,26.11806297302246
2025-08-18,26.079456329345703
2025-08-19,26.185626983642578
2025-08-20,26.253190994262695
2025-08-21,26.330406188964844
2025-08-22,26.629615783691406
2025-08-25,26.619962692260742
2025-08-26,26.465532302856445
2025-08-27,26.716482162475586
2025-08-28,26.56205177307129
2025-08-29,26.8033504486084
2025-09-02,26.494489669799805
2025-09-03,26.3690128326416
2025-09-04,26.291797637939453
2025-09-05,26.214582443237305
2025-09-08,26.330406188964844
2025-09-09,26.15667152404785
2025-09-10,26.262842178344727
2025-09-11,26.455881118774414
2025-09-12,26.542747497558594
2025-09-15,26.9384765625
2025-09-16,26.793697357177734
2025-09-17,26.23388671875
2025-09-18,26.137367248535156
2025-09-19,26.03119659423828
2025-09-22,25.915374755859375
2025-09-23,25.876766204833984
2025-09-24,25.963632583618164
2025-09-25,25.90572166442871
2025-09-26,26.040847778320312
2025-09-29,25.973285675048828
2025-09-30,25.828506469726562
2025-10-01,25.876766204833984
2025-10-02,25.751291275024414
2025-10-03,25.741640090942383
2025-10-06,25.809202194213867
2025-10-07,25.674076080322266
2025-10-08,25.712682723999023
2025-10-09,25.56790542602539
2025-10-10,25.40382194519043
2025-10-13,25.490690231323242
2025-10-14,25.664424896240234
2025-10-15,25.65477180480957
2025-10-16,25.799551010131836
2025-10-17,25.616165161132812
2025-10-20,25.838159561157227
2025-10-21,25.89607048034668
2025-10-22,26.021543502807617
2025-10-23,25.98293685913086
2025-10-24,25.664424896240234
2025-10-27,25.374868392944336
2025-10-28,25.249391555786133
2025-10-29,25.40382194519043
2025-10-30,25.345911026000977
2025-10-31,25.452083587646484
2025-11-03,25.98293685913086
2025-11-04,25.722335815429688
2025-11-05,25.625816345214844
2025-11-06,25.201133728027344
2025-11-07,25.288000106811523
2025-11-10,25.68372917175293
2025-11-11,25.616165161132812
2025-11-12,25.481037139892578
2025-11-13,25.32660675048828
2025-11-14,25.18182945251465
2025-11-17,25.509994506835938
2025-11-18,25.481037139892578
2025-11-19,25.18182945251465
2025-11-20,25.037050247192383
2025-11-21,24.979137420654297
2025-11-24,24.786100387573242
2025-11-25,24.950183868408203
2025-11-26,25.220436096191406
2025-11-28,25.500341415405273
2025-12-01,25.374868392944336
2025-12-02,25.490690231323242
2025-12-03,25.461732864379883
2025-12-04,25.53894805908203
2025-12-05,25.596860885620117
2025-12-08,25.481037139892578
2025-12-09,25.481037139892578
2025-12-10,25.56790542602539
2025-12-11,25.712682723999023
2025-12-12,25.596860885620117
2025-12-15,25.423126220703125
2025-12-16,25.336259841918945
2025-12-17,25.288000106811523
2025-12-18,25.2397403717041
2025-12-19,25.288000106811523
2025-12-22,25.440000534057617
2025-12-23,25.479999542236328
2025-12-24,25.649999618530273
2025-12-26,25.65999984741211
2025-12-29,25.649999618530273
2025-12-30,25.56999969482422
2025-12-31,25.520000457763672
